signal_time,entry_price,result,candles,pnl_pct,ml_prob,ml_decision,rsi,cum5,bulls10,bb_pct_b,rsi_decision,final_action,source,c1_open,c1_high,c1_low,c1_close,c1_vol,c2_open,c2_high,c2_low,c2_close,c2_vol,c3_open,c3_high,c3_low,c3_close,c3_vol,kf_btc_15m_oth,kf_btc_15m_old,kf_eth_15m_oth,kf_eth_15m_old,kf_btc_1h_oth,kf_btc_1h_old,kf_btc_1d_oth,kf_btc_1d_old
"2025-01-03 05:15:00",96678.76,TP,5,0.23,0.8845,SKIP,24.77,-0.2925,2,0.0523,SKIP,SKIP,-,96895.98,96895.99,96766.51,96813.41,70.97334,96813.49,96860.48,96610.29,96769.15,86.17533,96769.15,96820,96590.28,96678.76,102.83673,115,105,110,92,35,65,0,0
"2025-01-09 07:00:00",94116.13,TP,0,0.23,0.8304,SKIP,13.58,-0.3773,5,0.2466,SKIP,SKIP,-,94393.14,94438.94,94218.86,94273.33,116.27941,94273.32,94359.91,94048.07,94095.03,128.06623,94095.04,94299.22,94054.75,94116.13,104.64856,8,7,0,7,40,100,60,60
"2025-01-09 07:30:00",93621.66,TP,0,0.23,0.7192,SKIP,,,,,-,SKIP,-,94095.04,94299.22,94054.75,94116.13,104.64856,94116.13,94154.38,93741.26,93741.26,303.12252,93741.26,93800,93299.34,93621.66,461.6139,0,12,10,7,40,100,60,60
"2025-01-09 08:00:00",92924.26,SL,4,-0.9,0.8629,SKIP,1.4,-1.2418,3,-0.1967,SKIP,SKIP,-,93741.26,93800,93299.34,93621.66,461.6139,93621.66,93705.19,93186.38,93221.59,405.21126,93221.59,93312.44,92839.3,92926.58,758.46378,50,52,20,35,40,65,60,60
"2025-01-09 13:00:00",93085.15,TP,0,0.23,0.8562,SKIP,23.54,-0.4067,7,0.0927,TAKE,TAKE,rsi,93620.01,93679.58,93304.44,93347.06,195.46147,93347.07,93443.39,93155.25,93421.94,198.19604,93421.94,93486.19,93085.15,93085.15,214.71849,0,0,0,0,40,55,60,60
"2025-01-09 13:30:00",92334.27,TP,0,0.23,0.632,SKIP,,,,,-,SKIP,-,93421.94,93486.19,93085.15,93085.15,214.71849,93085.15,93238.87,92684.02,92872.01,606.4988,92872.02,92918.83,92100,92334.27,1428.16743,0,44,0,0,40,55,60,60
"2025-01-09 20:00:00",91762.4,TP,0,0.23,0.9162,TAKE,,,,,-,TAKE,ml,92842.5,93035.4,92630.44,92668.16,270.82403,92668.17,92682.05,91900.01,91909.59,984.80853,91909.59,92371.32,91615.38,91762.39,767.16654,45,47,50,12,40,90,60,60
"2025-01-09 20:30:00",91810.16,SL,6,-0.9,0.8707,SKIP,28.29,-1.1117,5,0.1439,SKIP,SKIP,-,91909.59,92371.32,91615.38,91762.39,767.16654,91762.4,92013.15,91203.67,91291.69,1258.88356,91291.69,91875.36,91220.5,91810.35,494.53792,70,55,0,0,40,90,60,60
"2025-01-12 06:00:00",94549.8,TP,2,0.23,0.8131,SKIP,,,,,-,SKIP,-,94592.54,94600.42,94500,94523.53,26.93035,94523.74,94571.43,94522.8,94571.43,23.29704,94571.43,94616,94501.46,94549.8,59.84821,0,0,0,0,40,55,75,75
"2025-01-12 07:00:00",94312,TP,7,0.23,0.8295,SKIP,,,,,-,SKIP,-,94488.74,94521.49,94428,94428.01,29.18787,94428.01,94464.61,94357.14,94381.78,44.21141,94381.78,94441.42,94274.01,94311.99,54.63866,115,105,110,92,35,80,75,75
"2025-01-12 09:15:00",94000.01,TP,0,0.23,0.8393,SKIP,19.54,-0.3838,4,-0.1223,TAKE,TAKE,rsi,94267.03,94267.03,94109,94170.01,97.80825,94170.01,94222.41,94132.51,94222.41,79.91072,94222.41,94222.41,94000,94000.01,169.73963,0,0,0,0,45,60,75,75
"2025-01-12 09:45:00",93906.21,SL,15,-0.9,0.6619,SKIP,,,,,-,SKIP,-,94222.41,94222.41,94000,94000.01,169.73963,94000.01,94029.43,93760.4,93785.55,169.16211,93785.54,93906.22,93711.19,93906.22,122.90959,30,30,0,0,45,60,75,75
"2025-01-12 19:00:00",94839.02,TP,1,0.23,0.7871,SKIP,,,,,-,SKIP,-,95102.8,95107.7,94928.04,94933.54,59.24581,94933.53,95037.75,94916,94992.64,47.73053,94992.65,95055.93,94807.52,94839.03,176.82769,0,0,0,0,45,60,75,75
"2025-01-12 19:45:00",94650.26,TP,4,0.23,0.7451,SKIP,,,,,-,SKIP,-,94839.02,94872.08,94666,94708.48,195.01682,94708.48,94805.08,94708.48,94781.55,49.50486,94781.54,94804.63,94578.54,94650.26,87.13746,0,0,0,0,45,60,75,75
"2025-01-12 22:00:00",94043.21,TP,0,0.23,0.8699,SKIP,10.62,-0.6806,2,-0.1324,SKIP,SKIP,-,94609.09,94647.99,94471.16,94518.24,70.41258,94518.23,94518.23,94302.9,94352.7,98.90647,94352.7,94362.92,93914.57,94043.2,245.33822,105,92,0,67,40,100,75,75
"2025-01-12 22:30:00",94025,SL,5,-0.9,0.937,TAKE,,,,,-,TAKE,ml,94352.7,94362.92,93914.57,94043.2,245.33822,94043.21,94057.6,93850.01,93916.09,196.55311,93916.09,94163.15,93800,94024.99,271.87753,30,30,30,30,40,100,75,75
"2025-01-26 00:00:00",104741.62,TP,36,0.23,0.8645,SKIP,13.38,-0.3197,4,-0.1109,SKIP,SKIP,-,104978.96,104978.97,104889.52,104892.45,30.62215,104892.46,104905.5,104696,104746.85,91.3296,104746.86,104841.84,104699,104741.62,95.724,45,57,70,55,40,90,60,60
"2025-01-26 21:00:00",104744.18,TP,2,0.23,0.8125,SKIP,,,,,-,SKIP,-,105180.75,105180.76,105050,105050.01,35.56508,105050,105100,104918.52,104949.99,76.732,104949.99,104950,104709.6,104744.19,147.1291,35,37,65,67,45,60,60,60
"2025-01-26 22:00:00",104427.53,TP,2,0.23,0.8507,SKIP,14.31,-0.4978,2,-0.1816,SKIP,SKIP,-,104895.19,104917.42,104796,104803.65,52.37958,104803.65,104803.66,104552.48,104557.19,113.97705,104557.19,104676.82,104324.32,104427.54,237.39493,20,29,-10,12,45,90,60,60
"2025-01-26 23:00:00",103349.67,TP,0,0.23,0.9003,TAKE,,,,,-,TAKE,ml,104527.82,104715.52,104527.81,104711,71.79669,104711,104730.98,104300.01,104330.22,111.4339,104330.21,104330.21,103288,103349.66,946.49015,0,92,0,92,40,100,60,60
"2025-01-26 23:30:00",102963.88,TP,0,0.23,0.7812,SKIP,,,,,-,SKIP,-,104330.21,104330.21,103288,103349.66,946.49015,103349.67,103360,102678,103136.42,1099.10102,103136.42,103136.42,102742.18,102963.88,360.6581,0,5,0,5,40,100,60,60
"2025-02-02 03:00:00",99976.63,TP,0,0.23,0.8603,SKIP,0.01,-1.2561,3,-0.1124,SKIP,SKIP,-,100930.33,100930.33,100648.3,100774.8,141.16126,100774.8,100774.8,100425,100452.16,246.21575,100452.16,100755.93,99835.02,99976.63,1274.40356,45,92,0,12,40,100,70,70
"2025-02-02 03:30:00",99493.51,TP,0,0.23,0.7767,SKIP,,,,,-,SKIP,-,100452.16,100755.93,99835.02,99976.63,1274.40356,99976.63,100156.17,99418.5,99612,750.16074,99611.99,99754.69,99349.9,99493.52,428.05822,65,70,30,30,40,100,70,70
"2025-02-02 10:00:00",99280.01,TP,3,0.23,0.8922,MAYBE,33.95,-0.552,3,0.0178,TAKE,TAKE,rsi,99562,99852,99495.14,99816.68,124.35635,99816.68,99864.02,99588.24,99690.78,162.29951,99690.78,99694.72,99280,99280,286.72301,90,77,0,0,45,60,70,70
"2025-02-02 11:15:00",99006,TP,0,0.23,0.7221,SKIP,,,,,-,SKIP,-,99469.49,99644.49,99386,99417.06,201.97704,99417.07,99604,99320,99343.18,172.59579,99343.18,99374.62,99000,99006.01,323.58512,65,67,0,0,40,100,70,70
"2025-02-02 11:45:00",98864.6,TP,1,0.23,0.8084,SKIP,,,,,-,SKIP,-,99343.18,99374.62,99000,99006.01,323.58512,99006,99272.7,98800,98828,489.48838,98828,99041.67,98645,98864.6,509.06777,70,55,10,7,40,100,70,70
"2025-02-02 12:30:00",98692.82,TP,0,0.23,0.9057,TAKE,,,,,-,TAKE,ml,98864.6,99166.19,98750,99136.15,282.70275,99136.16,99137.25,98742.13,98831.91,224.19308,98831.92,98831.92,98500,98692.82,359.6982,50,22,10,37,15,60,70,70
"2025-02-02 17:00:00",98203.09,TP,0,0.23,0.7453,SKIP,,,,,-,SKIP,-,98847.69,98954.89,98582.13,98589.29,377.06152,98589.28,98627.46,98075.02,98264,581.26169,98264.01,98580.38,98104.82,98203.09,485.59018,110,92,0,0,40,100,70,70
"2025-02-02 17:30:00",97740.68,TP,0,0.23,0.7777,SKIP,,,,,-,SKIP,-,98264.01,98580.38,98104.82,98203.09,485.59018,98203.09,98375.83,97632.58,97848.01,897.64177,97848,98128,97550,97740.68,822.9057,30,24,5,5,40,100,70,70
"2025-02-02 18:00:00",97473.59,TP,0,0.23,0.9473,TAKE,,,,,-,TAKE,ml,97848,98128,97550,97740.68,822.9057,97740.68,97792,97019,97228.85,1006.31188,97228.86,97534.76,97019,97473.58,578.85576,70,55,0,0,15,60,70,70
"2025-02-02 18:30:00",97044.37,SL,2,-0.9,0.9131,TAKE,,,,,-,TAKE,ml,97228.86,97534.76,97019,97473.58,578.85576,97473.59,97931.65,97153.94,97831.99,580.64574,97831.99,97871.03,96862.02,97044.37,985.53829,0,0,0,0,15,60,70,70
"2025-02-02 21:00:00",97559.86,TP,0,0.23,0.8314,SKIP,50.92,-0.7258,5,0.3408,TAKE,TAKE,rsi,98171.56,98250,97832.22,97947.56,219.67626,97947.56,97947.56,97650.54,97798,217.96807,97798.01,97977.02,97530.33,97559.86,284.19614,75,67,95,85,30,65,70,70
"2025-02-02 21:30:00",96781.72,SL,0,-0.9,0.7774,SKIP,,,,,-,SKIP,-,97798.01,97977.02,97530.33,97559.86,284.19614,97559.86,97619.99,96930.96,96948.2,368.24559,96948.2,97316.45,96573.47,96781.73,525.12678,105,62,90,60,30,65,70,70
"2025-02-06 15:00:00",97959.56,TP,0,0.23,0.9686,TAKE,,,,,-,TAKE,ml,98279.99,98924.09,97817.78,98107.84,836.51514,98107.84,98378.1,97795.76,97835.98,369.39887,97835.98,98064.34,97641.72,97959.55,468.62649,30,30,30,30,40,100,60,60
"2025-02-06 15:30:00",97178.89,TP,1,0.23,0.8483,SKIP,7.39,-1.1207,3,-0.1619,SKIP,SKIP,-,97835.98,98064.34,97641.72,97959.55,468.62649,97959.56,97990,97530.71,97582.02,486.69548,97582.02,97589.21,97012,97178.54,1095.56448,28,29,0,5,40,100,60,60
"2025-02-06 19:00:00",96492.52,TP,0,0.23,0.9589,TAKE,,,,,-,TAKE,ml,96170.19,96477.64,95888,96412.24,584.37623,96412.24,96596.5,96212.93,96316.84,221.43029,96316.83,96571.05,95933.7,96494.99,368.81059,30,30,30,30,35,80,60,60
"2025-02-06 19:30:00",95995.37,SL,3,-0.9,0.9342,TAKE,,,,,-,TAKE,ml,96316.83,96571.05,95933.7,96494.99,368.81059,96492.52,96945.85,96442,96458.79,449.6185,96458.79,96458.79,95911.88,95995.37,427.99176,10,7,65,60,35,80,60,60
"2025-02-07 00:00:00",96763.47,TP,0,0.23,0.9093,TAKE,,,,,-,TAKE,ml,96619.56,96662.84,96202.98,96379.49,163.2818,96379.5,96610,96350.61,96554.35,100.09762,96554.35,96922.83,96539.84,96763.48,218.61324,0,0,0,0,40,75,85,85
"2025-02-07 00:30:00",96504.58,SL,3,-0.9,0.9056,TAKE,,,,,-,TAKE,ml,96554.35,96922.83,96539.84,96763.48,218.61324,96763.47,96928,96652.17,96786,249.97399,96785.24,96815.22,96489.19,96504.59,296.4252,0,0,0,0,40,75,85,85
"2025-02-07 06:00:00",97285.31,TP,0,0.23,0.9414,TAKE,,,,,-,TAKE,ml,97210.74,97400,97142.13,97359.93,183.55084,97359.92,97359.93,97229.93,97338.2,42.97173,97338.2,97362.53,97164.68,97285.31,57.97088,35,17,50,35,40,55,85,85
"2025-02-07 06:30:00",96757.93,SL,16,-0.9,0.7659,SKIP,,,,,-,SKIP,-,97338.2,97362.53,97164.68,97285.31,57.97088,97285.31,97345.74,96696.33,96816.73,256.1661,96816.74,96980,96566,96757.93,345.44396,55,-1,30,12,40,55,85,85
"2025-02-07 20:00:00",96329.88,TP,0,0.23,0.8454,SKIP,12.39,-1.4548,4,-0.1495,SKIP,SKIP,-,97472.29,97532.03,96856.78,97030.5,342.1466,97030.5,97200,96888.56,96898.56,129.11016,96898.56,96944.1,96234.36,96329.88,614.49294,0,67,0,35,40,100,85,85
"2025-02-07 20:30:00",96015.37,TP,0,0.23,0.871,SKIP,3.26,-1.4957,3,-0.0671,SKIP,SKIP,-,96898.56,96944.1,96234.36,96329.88,614.49294,96329.88,96567.99,96169,96187.39,433.22451,96187.39,96253.17,95805.11,96014.59,610.39025,65,37,50,22,40,100,85,85
"2025-02-17 03:00:00",96146.88,TP,6,0.23,0.7516,SKIP,,,,,-,SKIP,-,96451.85,96465.76,96291.28,96291.29,103.33452,96291.28,96300,96156.55,96228.98,49.4867,96228.97,96228.97,96122.17,96146.88,94.21786,50,52,65,37,35,65,83,83
"2025-02-17 11:00:00",96238.67,TP,0,0.23,0.845,SKIP,49.83,0.0753,7,0.5766,SKIP,SKIP,-,96276.08,96276.09,96079.2,96087.94,105.86866,96087.94,96150.95,96050,96106.17,98.07269,96106.18,96300,96054.66,96238.67,358.14654,0,0,25,30,40,55,83,83
"2025-02-17 11:30:00",96045.18,SL,8,-0.9,0.7974,SKIP,,,,,-,SKIP,-,96106.18,96300,96054.66,96238.67,358.14654,96238.67,96273.04,96170.14,96170.15,44.95942,96170.15,96191.7,95990,96045.18,257.06183,50,37,30,30,40,55,83,83
"2025-02-18 00:00:00",95900.88,TP,0,0.23,0.8359,SKIP,27.64,0.0265,6,0.5097,SKIP,SKIP,-,95760.01,95870.62,95745.64,95760.21,83.0233,95760.21,95816,95673.02,95780,82.19242,95780.01,96058.62,95780,95900.88,181.44259,0,0,0,0,40,55,58,58
"2025-02-18 00:30:00",95626.46,TP,20,0.23,0.7541,SKIP,,,,,-,SKIP,-,95780.01,96058.62,95780,95900.88,181.44259,95900.88,95909.02,95538.01,95601.31,173.46055,95601.3,95753.35,95571.5,95626.46,101.67185,30,30,10,55,40,55,58,58
"2025-02-18 06:00:00",95300.01,TP,9,0.23,0.697,SKIP,,,,,-,SKIP,-,95869.99,95924.53,95746.42,95750,102.80264,95750.01,95750.01,95539.14,95609.49,242.70682,95609.5,95641.79,95300,95300.01,411.84091,35,44,115,105,40,100,58,58
"2025-02-18 18:00:00",94051.23,TP,0,0.23,0.8899,SKIP,9.04,-0.6221,2,0.0768,SKIP,SKIP,-,94529.58,94549.31,94180.63,94258.86,550.82172,94258.86,94342.79,94102.15,94102.16,290.45587,94102.16,94350.87,93749.92,94051.23,822.32904,20,35,0,0,45,65,58,58
"2025-02-18 18:30:00",93736.37,TP,0,0.23,0.9162,TAKE,,,,,-,TAKE,ml,94102.16,94350.87,93749.92,94051.23,822.32904,94051.23,94180,93863,94049.54,229.24401,94049.54,94049.54,93700,93736.37,393.72918,20,2,0,0,45,65,58,58
"2025-02-24 03:00:00",95742.62,TP,0,0.23,0.9032,TAKE,,,,,-,TAKE,ml,95972.44,96074.98,95902.59,95943.45,117.88131,95943.46,96037.74,95752.68,95829.35,131.19444,95829.36,95829.36,95674.95,95742.63,195.7525,28,29,90,80,45,60,85,85
"2025-02-24 03:30:00",95747.13,TP,0,0.23,0.7938,SKIP,,,,,-,SKIP,-,95829.36,95829.36,95674.95,95742.63,195.7525,95742.62,95742.62,95484,95515.01,243.44642,95515.01,95780,95311,95747.13,267.11313,70,55,75,60,45,60,85,85
"2025-02-24 04:00:00",95473.1,TP,0,0.23,0.925,TAKE,,,,,-,TAKE,ml,95515.01,95780,95311,95747.13,267.11313,95747.13,95778.21,95433.21,95433.21,130.1807,95433.21,95597.02,95376.21,95473.09,298.76636,30,30,30,30,40,100,85,85
"2025-02-24 04:30:00",95256,SL,18,-0.9,0.8321,SKIP,24.34,-0.2712,2,0.0366,SKIP,SKIP,-,95433.21,95597.02,95376.21,95473.09,298.76636,95473.1,95483.81,95289.77,95350,240.49923,95350,95383.12,95078.01,95256,485.18356,50,22,5,35,40,100,85,85
"2025-02-24 13:00:00",95777.99,TP,2,0.23,0.9044,TAKE,,,,,-,TAKE,ml,95831.99,95946.61,95790,95846.91,128.91625,95846.92,95886.43,95745.46,95798.46,115.63421,95798.46,95853.99,95339.35,95778,554.77445,20,35,0,7,40,55,85,85
"2025-02-24 14:00:00",95412,TP,0,0.23,0.7158,SKIP,,,,,-,SKIP,-,95960.74,96095.32,95860.1,95874.4,252.21332,95874.41,95911.74,95591.55,95594.57,181.9267,95594.57,95773.59,95400,95412.01,289.10304,65,67,50,52,40,65,85,85
"2025-02-24 14:30:00",95140.5,TP,0,0.23,0.7674,SKIP,,,,,-,SKIP,-,95594.57,95773.59,95400,95412.01,289.10304,95412,95575.23,95386,95389.01,198.45741,95389,95800,95100.66,95140.5,907.90625,45,47,-2,12,40,65,85,85
"2025-02-24 15:00:00",94855.35,TP,0,0.23,0.91,TAKE,,,,,-,TAKE,ml,95389,95800,95100.66,95140.5,907.90625,95140.5,95288.04,94578,94674.44,996.53094,94674.45,94960,94188,94855.35,1238.30157,8,7,8,7,40,100,85,85
"2025-02-24 15:30:00",94100,SL,0,-0.9,0.7603,SKIP,,,,,-,SKIP,-,94674.45,94960,94188,94855.35,1238.30157,94855.35,94959.81,94310,94333.52,654.3322,94333.53,94477.99,94100,94100.01,675.41415,35,40,30,27,40,100,85,85
"2025-02-24 19:00:00",94315.76,TP,0,0.23,0.8311,SKIP,26.1,-0.3468,5,0.2524,TAKE,TAKE,rsi,94503.5,94558.1,94357.46,94359.53,244.41789,94359.53,94467.98,94135.13,94161.67,253.2574,94161.66,94405.41,94117.64,94315.75,181.10642,8,7,30,30,40,75,85,85
"2025-02-24 19:30:00",93770.05,TP,8,0.23,0.7668,SKIP,,,,,-,SKIP,-,94161.66,94405.41,94117.64,94315.75,181.10642,94315.76,94559.05,94243.24,94387.36,238.42123,94387.36,94485.37,93704.73,93770.05,409.20238,0,0,0,92,40,75,85,85
"2025-02-24 22:00:00",93166.07,TP,0,0.23,0.7897,SKIP,,,,,-,SKIP,-,94100.39,94349.22,94100.38,94243.42,160.22373,94243.42,94260.85,93964.68,93979.44,205.68651,93979.45,93996,93111,93166.07,1328.58921,0,92,75,60,40,55,85,85
"2025-02-24 22:30:00",93135,TP,0,0.23,0.6901,SKIP,,,,,-,SKIP,-,93979.45,93996,93111,93166.07,1328.58921,93166.07,93637.13,92899,93507.72,885.32394,93507.73,93613.1,92934.54,93135,399.02638,0,0,0,0,40,55,85,85
"2025-02-25 04:00:00",92076.92,TP,0,0.23,0.9409,TAKE,,,,,-,TAKE,ml,92075.48,92384.62,92008.35,92294.14,214.06224,92294.14,92538.47,92126.99,92153.93,252.63296,92153.93,92161.47,91812.7,92076.93,369.61541,75,60,-17,12,35,55,58,58
"2025-02-25 04:30:00",92019.99,TP,0,0.23,0.9278,TAKE,,,,,-,TAKE,ml,92153.93,92161.47,91812.7,92076.93,369.61541,92076.92,92327.88,92074.79,92294.84,377.78958,92294.84,92312.5,91857.26,92019.98,385.2953,0,0,0,0,35,55,58,58
"2025-02-25 14:00:00",89118.92,TP,0,0.23,0.9512,TAKE,,,,,-,TAKE,ml,89051.49,89160,88750.41,89048.05,559.25651,89048.05,89200,88810,88826.11,487.77394,88826.11,89139.99,88656.37,89118.92,733.71822,30,30,30,30,40,75,58,58
"2025-02-25 14:30:00",88022.01,TP,0,0.23,0.897,MAYBE,16.53,-1.1561,4,0.2207,SKIP,SKIP,-,88826.11,89139.99,88656.37,89118.92,733.71822,89118.92,89384.65,88578.67,89165.44,714.14289,89165.45,89179.43,87860.23,88022,1694.96633,0,0,0,37,40,75,58,58
"2025-03-10 08:00:00",82142.59,TP,0,0.23,0.901,TAKE,,,,,-,TAKE,ml,82115.86,82336.68,82048.44,82250.45,146.17984,82250.45,82383.52,82191.77,82318.77,116.72266,82318.78,82391.75,82008,82142.59,189.83147,0,0,0,0,40,55,73,73
"2025-03-10 08:30:00",81466.03,SL,1,-0.9,0.7874,SKIP,,,,,-,SKIP,-,82318.78,82391.75,82008,82142.59,189.83147,82142.59,82188.82,81750,82042.73,277.08134,82042.74,82067,81270,81466.02,447.17291,0,37,75,60,40,55,73,73
"2025-03-10 13:00:00",82978.21,TP,0,0.23,0.9727,TAKE,,,,,-,TAKE,ml,82825.27,83236.46,82634.16,83155.73,383.33946,83155.73,83449,82962.35,83248.12,210.09955,83248.12,83313.99,82703.99,82978.22,261.15172,0,0,0,0,15,70,73,73
"2025-03-10 13:30:00",82700.16,TP,0,0.23,0.7909,SKIP,,,,,-,SKIP,-,83248.12,83313.99,82703.99,82978.22,261.15172,82978.21,83045.03,82476.69,82670.37,266.32573,82670.37,82897.5,82100.01,82700,869.56232,8,7,35,35,15,70,73,73
"2025-03-10 17:00:00",78599.02,TP,1,0.23,0.913,TAKE,,,,,-,TAKE,ml,79605.07,79836.03,79200,79345.99,521.12751,79345.99,79508.65,78992.1,79009.98,770.48798,79009.01,79120,78372,78599.02,1758.7199,0,60,75,60,40,75,73,73
"2025-03-10 17:45:00",78459.9,TP,0,0.23,0.8594,SKIP,18.89,-1.1167,2,0.176,SKIP,SKIP,-,78599.02,79327.98,78578,79071.14,816.19181,79072.76,79132,78431.65,78631.17,662.99824,78631.16,78850,78202,78459.91,783.45726,35,35,0,5,40,75,73,73
"2025-03-10 18:15:00",78511.2,TP,0,0.23,0.8692,SKIP,33.3,-0.1117,2,0.1998,SKIP,SKIP,-,78631.16,78850,78202,78459.91,783.45726,78459.9,79147.05,78112,78820.15,706.71611,78820.14,78967.98,78235.36,78511.2,476.73454,0,0,0,0,15,60,73,73
"2025-03-10 18:45:00",77655.25,SL,0,-0.9,0.6788,SKIP,,,,,-,SKIP,-,78820.14,78967.98,78235.36,78511.2,476.73454,78511.2,78734,78161.29,78579.44,527.08779,78579.44,78586.78,77501.1,77655.26,1595.29695,0,0,5,5,15,60,73,73
"2025-03-10 23:00:00",79409.09,TP,0,0.23,0.8466,SKIP,40.23,-0.197,4,0.6776,SKIP,SKIP,-,79306.75,79440,79208.52,79219.1,172.27294,79219.1,79720,79219.1,79502.36,222.72727,79502.36,79708,79393.27,79409.09,216.04761,0,0,0,0,40,55,73,73
"2025-03-10 23:30:00",79230.76,TP,0,0.23,0.8373,SKIP,32.39,-0.0958,3,0.5667,SKIP,SKIP,-,79502.36,79708,79393.27,79409.09,216.04761,79409.09,79446.29,79000,79205.94,338.10586,79205.94,79380,79067.61,79230.76,170.52897,70,55,0,0,40,55,73,73
"2025-03-15 07:15:00",83959.13,TP,1,0.23,0.908,TAKE,,,,,-,TAKE,ml,84182.01,84224.54,84160.37,84183.28,112.0471,84183.28,84192.21,84008.93,84090.91,185.54719,84090.9,84090.91,83933,83959.12,299.51527,105,92,110,92,40,55,0,0
"2025-03-22 11:45:00",84239.24,TP,4,0.23,0.8359,SKIP,27.19,-0.1999,6,0.2088,SKIP,SKIP,-,84311.48,84335.51,84281.34,84335.51,34.74864,84335.51,84339.55,84249.48,84264.15,56.64098,84264.15,84270.97,84204.68,84239.25,42.03286,105,95,115,105,0,0,60,60
"2025-03-22 20:00:00",84199.32,TP,1,0.23,0.8375,SKIP,50.53,-0.0473,4,0.5861,SKIP,SKIP,-,84216.2,84271.74,84211.08,84211.09,30.26103,84211.09,84211.09,84162.04,84171.59,34.24957,84171.59,84204.19,84157.3,84199.33,47.31552,8,7,0,0,40,55,60,60
"2025-03-22 20:45:00",83944.7,TP,9,0.23,0.9256,TAKE,,,,,-,TAKE,ml,84199.32,84199.33,84144.25,84164.01,32.60022,84164,84199.15,84156.43,84156.43,28.27171,84156.44,84156.44,83944.69,83944.69,136.60665,35,37,0,0,40,55,60,60
"2025-03-22 23:30:00",83777.77,SL,44,-0.9,0.7995,SKIP,,,,,-,SKIP,-,83961.39,83961.39,83845.11,83870.78,88.51138,83870.78,83932.91,83870.77,83904.51,59.01654,83904.51,83904.51,83625.1,83777.78,154.17617,0,0,0,0,40,55,60,60
"2025-03-26 03:00:00",87184.05,SL,15,-0.9,0.7983,SKIP,,,,,-,SKIP,-,87525.63,87560,87412.49,87433.6,111.26048,87433.61,87461.63,87300,87324.6,187.05074,87324.61,87405.37,87180,87184.05,159.75531,110,92,10,7,35,70,60,60
"2025-03-26 12:00:00",87960.97,TP,0,0.23,0.847,SKIP,28.65,-0.2806,5,0.2732,SKIP,SKIP,-,88155.58,88192.94,87969.29,87987.25,370.12975,87987.24,88056.05,87923.91,87954.96,148.73577,87954.97,88000,87801,87960.98,154.94173,10,10,0,0,15,60,60,60
"2025-03-26 12:30:00",87699.88,TP,1,0.23,0.8403,SKIP,4.89,-0.5169,4,-0.1044,SKIP,SKIP,-,87954.97,88000,87801,87960.98,154.94173,87960.97,87979.63,87687.19,87783.49,230.14234,87783.5,87817.55,87586.72,87699.88,273.11872,115,105,0,55,15,60,60,60
"2025-03-26 13:15:00",87493.56,TP,0,0.23,0.8927,MAYBE,16.29,-0.5314,3,-0.1217,TAKE,TAKE,rsi,87699.88,87856.78,87612.33,87813.17,167.19627,87813.16,87813.17,87650.75,87660.57,148.50121,87660.57,87660.57,87471.13,87493.55,252.77702,65,52,115,92,45,60,60,60
"2025-03-26 13:45:00",86841.3,TP,0,0.23,0.7884,SKIP,,,,,-,SKIP,-,87660.57,87660.57,87471.13,87493.55,252.77702,87493.56,87886.68,87384.76,87800,471.88488,87800,87920.08,86719,86841.31,809.24273,0,0,0,0,45,60,60,60
"2025-03-26 14:15:00",86699.51,TP,0,0.23,0.7712,SKIP,,,,,-,SKIP,-,87800,87920.08,86719,86841.31,809.24273,86841.3,87294.05,86738.4,86974.3,571.74908,86974.31,87062.64,86434.36,86699.51,653.77423,0,0,0,0,35,90,60,60
"2025-03-26 14:45:00",86773.14,TP,0,0.23,0.8963,MAYBE,29.57,-1.1695,4,0.0973,SKIP,SKIP,-,86974.31,87062.64,86434.36,86699.51,653.77423,86699.51,86815.82,86504,86570.44,420.54038,86570.45,86978.27,86462.75,86773.14,294.89383,30,30,30,30,35,90,60,60
"2025-03-30 11:00:00",83263.98,TP,0,0.23,0.8402,SKIP,41.38,-0.2854,6,0.5311,SKIP,SKIP,-,83210,83210,83064.17,83064.18,72.23934,83064.17,83172,83061.51,83120.87,38.66316,83120.86,83285.04,83106.47,83263.97,68.82059,0,0,0,0,35,80,60,60
"2025-03-30 11:30:00",83044.87,TP,6,0.23,0.8206,SKIP,,,,,-,SKIP,-,83120.86,83285.04,83106.47,83263.97,68.82059,83263.98,83360.31,82975.36,83083.8,126.16831,83083.81,83184.66,82985.1,83044.87,92.83798,35,47,5,17,35,80,60,60
"2025-03-30 13:30:00",82959.58,TP,0,0.23,0.8955,MAYBE,39.98,-0.346,4,0.179,TAKE,TAKE,rsi,83072.76,83089.99,82970.58,83042,74.03802,83042,83155.17,82884.57,82915,228.18811,82915,82965.99,82543.83,82959.59,577.15746,0,7,75,60,40,55,60,60
"2025-03-30 16:00:00",82741.47,TP,0,0.23,0.9442,TAKE,,,,,-,TAKE,ml,82834.4,82886.8,82766.99,82853.45,66.6217,82853.45,82923.84,82714.87,82729.57,66.22942,82729.57,82792.46,82700,82741.47,59.43858,30,30,30,30,40,55,60,60
"2025-03-30 16:30:00",82509.43,TP,0,0.23,0.8538,SKIP,26.19,-0.3923,5,-0.0024,TAKE,TAKE,rsi,82729.57,82792.46,82700,82741.47,59.43858,82741.47,82816,82652.5,82652.5,56.28102,82652.5,82671.46,82323.27,82509.43,264.93707,65,37,35,35,40,55,60,60
"2025-04-27 04:00:00",94273.3,TP,1,0.23,0.8795,SKIP,43.12,-0.0769,4,0.2766,SKIP,SKIP,-,94208.12,94285.72,94160.33,94260.86,69.07507,94260.86,94288.84,94130.71,94156.21,178.76689,94156.22,94273.31,94123,94273.3,108.92848,0,7,0,0,35,70,75,75
"2025-04-27 04:45:00",94014.16,TP,0,0.23,0.7586,SKIP,,,,,-,SKIP,-,94273.3,94288.65,94209.75,94210,54.61823,94210,94216.52,94087,94100.01,128.52906,94100,94140.84,94013,94014.17,156.85948,45,57,45,47,35,70,75,75
"2025-04-27 05:15:00",93794.11,TP,73,0.23,0.7689,SKIP,,,,,-,SKIP,-,94100,94140.84,94013,94014.17,156.85948,94014.16,94173.92,93994.08,94033.51,192.36471,94033.5,94137.66,93666.61,93794.12,327.37583,0,0,0,0,45,60,75,75
"2025-04-30 07:00:00",94809.53,TP,0,0.23,0.7983,SKIP,,,,,-,SKIP,-,94951.5,94951.5,94773.82,94773.83,61.34684,94773.83,94819.28,94745.4,94751.99,48.17422,94752,94839.49,94733.55,94809.53,101.88901,10,10,0,0,45,60,60,60
"2025-04-30 07:30:00",94571.6,TP,18,0.23,0.8802,SKIP,20.82,-0.4001,4,0.0382,TAKE,TAKE,rsi,94752,94839.49,94733.55,94809.53,101.88901,94809.53,94869.49,94757.83,94757.84,74.96507,94757.83,94763.32,94566.77,94571.61,154.99355,65,67,105,77,45,60,60,60
"2025-04-30 13:00:00",94282.01,TP,0,0.23,0.8693,SKIP,12.81,-0.94,4,-0.0862,SKIP,SKIP,-,94928.64,95036.52,94349.29,94493.98,900.94532,94493.99,94637.72,94362.24,94555.88,407.6881,94555.89,94618.99,94270,94282.01,289.06118,0,0,0,5,40,65,60,60
"2025-04-30 13:30:00",93900,TP,0,0.23,0.7607,SKIP,,,,,-,SKIP,-,94555.89,94618.99,94270,94282.01,289.06118,94282.01,94649.5,94226.27,94545.98,310.41066,94545.98,94559.71,93680.77,93899.99,941.57303,0,0,0,0,40,65,60,60
"2025-04-30 22:00:00",94584.67,TP,0,0.23,0.8432,SKIP,39.54,0.0303,6,0.7565,SKIP,SKIP,-,94622.07,94636,94482.8,94482.81,61.90927,94482.81,94559.95,94382.35,94419,82.64123,94418.99,94720,94418.99,94584.66,97.83192,70,55,30,30,45,60,60,60
"2025-04-30 22:30:00",94268.23,TP,0,0.23,0.8391,SKIP,30.85,-0.374,4,0.4413,TAKE,TAKE,rsi,94418.99,94720,94418.99,94584.66,97.83192,94584.67,94584.67,94360,94360,63.58719,94360.01,94403.94,94224.75,94268.23,141.87358,50,52,30,30,45,60,60,60
"2025-05-04 10:00:00",95461.62,TP,13,0.23,0.9228,TAKE,,,,,-,TAKE,ml,95495.98,95586.64,95440.82,95500,65.82639,95500.01,95559.99,95452.58,95485.01,57.92419,95485.01,95511.99,95400,95461.62,83.46358,20,22,0,0,45,60,85,85
"2025-05-04 22:00:00",95207.15,TP,0,0.23,0.7048,SKIP,,,,,-,SKIP,-,95693.64,95748.34,95693.64,95744.93,34.46374,95744.94,95744.94,95654.12,95675.99,33.68928,95676,95690.48,95102,95207.16,379.17092,65,67,0,47,40,55,85,85
"2025-05-04 22:30:00",94881.59,TP,0,0.23,0.8067,SKIP,,,,,-,SKIP,-,95676,95690.48,95102,95207.16,379.17092,95207.15,95323.76,95134.26,95218.55,73.11608,95218.56,95218.56,94724.57,94881.59,557.49143,0,0,0,0,40,55,85,85
"2025-05-04 23:00:00",94792.61,TP,0,0.23,0.9071,TAKE,,,,,-,TAKE,ml,95218.56,95218.56,94724.57,94881.59,557.49143,94881.59,95031.81,94800.96,95015.82,104.70828,95015.82,95037.4,94545.59,94792.61,317.088,0,0,0,0,35,55,85,85
"2025-05-04 23:30:00",94151.39,TP,6,0.23,0.7881,SKIP,,,,,-,SKIP,-,95015.82,95037.4,94545.59,94792.61,317.088,94792.61,94792.62,94414.43,94430.46,333.95385,94430.46,94521.3,94151.38,94151.39,345.37188,28,32,45,29,35,55,85,85
"2025-05-17 00:00:00",103536.99,TP,0,0.23,0.8907,MAYBE,57.35,0.0145,3,0.3276,SKIP,SKIP,-,103619.05,103640,103520.53,103520.64,34.46152,103520.64,103537.52,103420.92,103463.9,53.69756,103463.9,103537,103400,103536.99,108.40705,70,55,15,12,40,55,60,60
"2025-05-17 00:30:00",103189.99,TP,0,0.23,0.8392,SKIP,27.99,-0.4141,3,-0.0188,TAKE,TAKE,rsi,103463.9,103537,103400,103536.99,108.40705,103536.99,103539.69,103288,103295.73,180.52387,103295.72,103380.96,103100,103190,291.24532,90,77,30,30,40,55,60,60
"2025-05-17 08:00:00",103352.57,TP,3,0.23,0.8349,SKIP,52.26,-0.1308,5,0.1376,SKIP,SKIP,-,103609.99,103629.05,103480,103480,67.32786,103480,103480.01,103435.08,103451.14,75.83231,103451.13,103458.83,103321.42,103352.56,114.76477,30,32,0,0,40,55,60,60
"2025-05-17 09:15:00",102876.52,SL,88,-0.9,0.8342,SKIP,14.43,-0.4606,4,-0.3327,SKIP,SKIP,-,103474.92,103486.17,103400.77,103426.06,103.14119,103426.06,103549.92,103134.52,103165.51,161.41853,103165.5,103174.99,102850,102876.52,213.647,115,92,5,5,40,55,60,60
"2025-05-19 03:00:00",104166.44,TP,0,0.23,0.7757,SKIP,,,,,-,SKIP,-,104893.21,105069.01,104800.01,104800.02,364.54962,104800.01,104877.8,104580,104645.15,203.04691,104645.15,104645.15,104166.43,104166.44,259.48594,75,80,115,92,45,65,0,0
"2025-05-29 04:00:00",107915.64,TP,0,0.23,0.8647,SKIP,40.68,-0.4716,5,0.3569,TAKE,TAKE,rsi,108175.9,108214.68,107955.47,108036,266.99728,108036,108125.87,107983.27,108044.88,84.89244,108044.87,108106.94,107866.5,107915.64,110.65101,0,0,0,0,40,75,85,85
"2025-05-29 04:30:00",107399.99,SL,15,-0.9,0.6814,SKIP,,,,,-,SKIP,-,108044.87,108106.94,107866.5,107915.64,110.65101,107915.64,107921.98,107676.36,107867.41,125.28533,107867.4,107894.11,107341.02,107399.98,468.48765,43,44,0,37,40,75,85,85
"2025-05-29 13:00:00",108449.01,TP,0,0.23,0.894,MAYBE,20.04,-0.3041,6,0.3742,TAKE,TAKE,rsi,108683.18,108797.25,108375.71,108429.17,146.61197,108429.17,108590.91,108384.32,108434.78,185.33149,108434.78,108590.88,108373.48,108449.02,110.38791,0,0,0,0,40,100,85,85
"2025-05-29 13:30:00",107592.58,TP,0,0.23,0.6479,SKIP,,,,,-,SKIP,-,108434.78,108590.88,108373.48,108449.02,110.38791,108449.01,108464.47,108185.92,108300,257.20569,108300,108354.38,107565.37,107592.58,645.69199,0,44,0,44,40,100,85,85
"2025-05-29 16:00:00",106931.08,TP,1,0.23,0.8592,SKIP,45.61,-0.6425,4,0.1315,TAKE,TAKE,rsi,107503.32,107592.71,107213.45,107289.61,175.23896,107289.62,107296.67,106955.91,107019.89,323.94856,107019.9,107168.23,106641.59,106931.07,427.19869,45,12,8,7,35,65,85,85
"2025-05-29 16:45:00",106724.42,TP,1,0.23,0.8375,SKIP,2.76,-0.5268,4,0.1542,SKIP,SKIP,-,106931.08,107135.22,106766.08,106865.75,190.29852,106865.75,106980.97,106749.99,106869.61,256.97761,106869.61,107067.87,106570.99,106724.42,269.22954,0,0,35,35,35,65,85,85
"2025-05-29 17:30:00",106156.43,TP,3,0.23,0.792,SKIP,,,,,-,SKIP,-,106724.42,106801.55,106610.95,106682.73,202.57269,106682.72,106889.39,106557.76,106607.14,211.68326,106607.14,106817.14,106123,106156.42,479.5179,43,44,0,0,35,90,85,85
"2025-05-29 19:00:00",105678,TP,17,0.23,0.8374,SKIP,20.69,-0.5885,2,-0.0007,TAKE,TAKE,rsi,106352.34,106617.77,106191.73,106212.11,158.27665,106212.11,106340.14,105804.87,105837.13,438.97131,105837.14,106062.01,105678,105678.01,323.32876,45,47,0,0,35,55,85,85
"2025-05-29 23:45:00",105589.75,TP,2,0.23,0.8156,SKIP,,,,,-,SKIP,-,105977.4,105985.33,105671.73,105748.6,219.50888,105748.61,105882.61,105660,105740.36,109.44624,105740.36,105809.53,105322.86,105589.75,404.22435,35,7,20,35,40,90,85,85
"2025-05-30 00:45:00",104940,SL,2,-0.9,0.802,SKIP,,,,,-,SKIP,-,105920.15,106214.93,105920.14,106062.85,195.37117,106062.86,106095.24,105807.96,105818.68,174.09435,105818.69,105854.63,104600.5,104939.99,1146.46338,0,35,75,5,40,100,73,73
"2025-05-30 06:00:00",106080.04,TP,0,0.23,0.895,MAYBE,58.83,-0.0302,5,0.607,SKIP,SKIP,-,106186.32,106313.12,106142.85,106261.27,93.68708,106261.27,106261.28,106018.79,106083.42,100.65596,106083.43,106135.17,106016.99,106080.04,107.43532,53,57,45,50,40,55,73,73
"2025-05-30 06:30:00",105830.88,TP,0,0.23,0.8751,SKIP,27.07,-0.3348,5,0.1113,TAKE,TAKE,rsi,106083.43,106135.17,106016.99,106080.04,107.43532,106080.04,106080.04,105903,105949.49,377.74425,105949.49,106030.64,105809.52,105830.87,228.95991,35,47,105,92,40,55,73,73
"2025-05-30 07:00:00",105525.96,TP,0,0.23,0.8498,SKIP,9.25,-0.5255,3,-0.2418,SKIP,SKIP,-,105949.49,106030.64,105809.52,105830.87,228.95991,105830.88,105838.99,105535.07,105711.77,369.02874,105711.77,105850,105420.07,105525.95,237.96754,105,95,0,0,40,65,73,73
"2025-05-30 07:30:00",105063.37,TP,6,0.23,0.774,SKIP,,,,,-,SKIP,-,105711.77,105850,105420.07,105525.95,237.96754,105525.96,105827.21,105521.92,105616.19,213.63582,105616.19,105616.19,105004.01,105063.37,748.27032,0,0,0,0,40,65,73,73
"2025-05-30 12:00:00",105342.3,TP,7,0.23,0.8105,SKIP,,,,,-,SKIP,-,105773.51,105901.99,105757.29,105802.39,106.14119,105802.39,105963.27,105700,105880.51,156.47407,105880.5,105975.8,105153.84,105342.3,400.41804,0,0,0,0,40,55,73,73
"2025-06-03 08:00:00",105037.11,SL,24,-0.9,0.7841,SKIP,,,,,-,SKIP,-,105212.09,105282.63,105212.09,105233.16,82.50715,105233.16,105266.08,105161.84,105170.75,114.38642,105170.76,105245.29,105008.88,105037.12,146.0618,115,105,105,92,40,75,0,0
"2025-06-04 05:00:00",105497.39,TP,3,0.23,0.8174,SKIP,,,,,-,SKIP,-,105571.72,105582.27,105415.09,105451.59,78.52895,105451.6,105455.58,105404.25,105407.05,41.26087,105407.06,105498.93,105364.41,105497.39,213.91359,30,30,0,0,45,60,60,60
"2025-06-04 11:00:00",105667.33,TP,0,0.23,0.9275,TAKE,,,,,-,TAKE,ml,105734.34,105760.52,105672.01,105756.04,98.70284,105756.04,105756.05,105650.96,105705.13,102.05477,105705.13,105820.04,105643.3,105667.34,380.48506,28,29,0,0,45,60,60,60
"2025-06-04 11:30:00",105224,TP,0,0.23,0.7578,SKIP,,,,,-,SKIP,-,105705.13,105820.04,105643.3,105667.34,380.48506,105667.33,105686.13,105400.05,105442.78,550.97074,105442.77,105467.08,105187.8,105224,522.19089,110,92,115,105,45,60,60,60
"2025-06-04 20:00:00",104756.62,TP,40,0.23,0.8257,SKIP,,,,,-,SKIP,-,104894.27,105066.59,104881.01,105066.58,56.70544,105066.59,105079.99,104905.69,104913.52,76.96816,104913.52,104959.64,104750,104756.61,87.89875,115,105,85,90,40,55,60,60
"2025-06-05 16:00:00",104381.32,TP,0,0.23,0.8021,SKIP,,,,,-,SKIP,-,104843.99,104871.31,104687.77,104743.39,87.89867,104743.4,104769.38,104521.05,104531.49,177.89525,104531.5,104598.87,104381.31,104381.32,82.52046,35,47,43,29,45,60,85,85
"2025-06-05 16:30:00",103754.42,TP,0,0.23,0.7603,SKIP,,,,,-,SKIP,-,104531.5,104598.87,104381.31,104381.32,82.52046,104381.32,104381.32,103951.5,104036.01,353.55438,104036,104073.04,103700,103754.42,470.20524,55,44,10,7,45,60,85,85
"2025-06-05 18:00:00",102736.38,TP,3,0.23,0.7197,SKIP,,,,,-,SKIP,-,103453.59,103453.67,103267.9,103348.84,158.62572,103348.83,103348.84,103176.6,103240.04,165.86719,103240.04,103318.69,102709.8,102736.39,674.578,43,44,0,0,40,55,85,85
"2025-06-05 19:15:00",102215.03,TP,0,0.23,0.8538,SKIP,26.57,-0.5075,4,0.0314,TAKE,TAKE,rsi,102901.94,103175.7,102830.62,103006.05,138.02404,103006.04,103036.91,102603.83,102634.14,222.46725,102634.14,102672.66,101596.62,102215.04,1570.03678,75,60,75,60,40,100,85,85
"2025-06-05 19:45:00",101914.76,TP,0,0.23,0.8244,SKIP,,,,,-,SKIP,-,102634.14,102672.66,101596.62,102215.04,1570.03678,102215.03,102474.84,102151.74,102200.92,315.54868,102200.92,102200.92,101863.34,101914.77,340.33205,5,10,0,0,40,100,85,85
"2025-06-05 20:15:00",101452.16,TP,0,0.23,0.7695,SKIP,,,,,-,SKIP,-,102200.92,102200.92,101863.34,101914.77,340.33205,101914.76,102171.44,101380,101618.84,662.22927,101618.84,101635.39,100948.44,101452.16,913.62285,25,12,5,5,40,100,85,85
"2025-06-05 20:45:00",100483.92,SL,1,-0.9,0.8194,SKIP,,,,,-,SKIP,-,101618.84,101635.39,100948.44,101452.16,913.62285,101452.16,101500,100763.63,100845.93,673.16556,100845.93,101233.8,100372.26,100483.91,1134.40168,50,52,0,-3,40,100,85,85
"2025-06-12 02:00:00",108644.8,TP,1,0.23,0.934,TAKE,,,,,-,TAKE,ml,108413.76,108516.45,108258.49,108489.17,262.11532,108489.18,108515.99,108304.7,108515.99,109.90326,108515.99,108759,108462.7,108644.8,108.71356,0,0,0,0,45,60,75,75
"2025-06-12 02:45:00",108400.52,TP,0,0.23,0.8287,SKIP,,,,,-,SKIP,-,108644.8,108654.34,108532.91,108576.69,78.58555,108576.68,108618.52,108470.7,108470.7,58.26282,108470.71,108624.76,108390.34,108400.52,651.47569,50,52,65,52,45,60,75,75
"2025-06-12 03:15:00",107882.26,TP,2,0.23,0.7499,SKIP,,,,,-,SKIP,-,108470.71,108624.76,108390.34,108400.52,651.47569,108400.52,108448.03,108294.11,108330,315.98065,108330,108330.01,107730,107882.27,621.55203,65,67,0,0,45,60,75,75
"2025-06-12 10:00:00",107389.38,TP,3,0.23,0.7974,SKIP,,,,,-,SKIP,-,107582.36,107723.04,107582.35,107630.86,76.76546,107630.85,107630.86,107488.95,107507.35,72.9003,107507.35,107518.85,107332.28,107389.38,93.24007,75,80,75,67,40,75,75,75
"2025-06-12 19:00:00",107744.52,TP,1,0.23,0.95,TAKE,,,,,-,TAKE,ml,107792.55,107965.62,107567.31,107581.22,101.4065,107581.22,107615.83,107229.47,107561.35,211.25364,107561.36,107757.43,107441.87,107744.52,85.08553,0,0,0,0,45,75,75,75
"2025-06-12 19:45:00",106789.8,TP,0,0.23,0.8538,SKIP,13.13,-0.7366,4,-0.0742,SKIP,SKIP,-,107744.52,107879.92,107593.08,107788.88,122.93558,107788.88,107836.91,107541.01,107541.01,81.78766,107541.01,107541.01,106680,106788.8,415.12725,0,67,0,67,45,75,75,75
"2025-06-12 20:15:00",106901.99,TP,0,0.23,0.6873,SKIP,,,,,-,SKIP,-,107541.01,107541.01,106680,106788.8,415.12725,106789.8,106960.77,106450.49,106486.67,324.92935,106486.66,106902,106409.09,106902,262.35465,30,30,30,30,40,100,75,75
"2025-06-12 20:45:00",105973.61,TP,6,0.23,0.8052,SKIP,,,,,-,SKIP,-,106486.66,106902,106409.09,106902,262.35465,106901.99,106957.7,105922.64,106013.25,1030.34253,106013.25,106204.86,105772.73,105973.62,698.35758,10,12,15,5,40,100,75,75
"2025-06-15 09:00:00",104944.77,TP,44,0.23,0.8367,SKIP,23.93,-0.4584,2,-0.0335,TAKE,TAKE,rsi,105243.26,105286.88,105200,105240,63.35137,105240,105240,105134.69,105197.19,87.42635,105197.18,105197.19,104925.97,104944.77,125.65886,105,92,105,92,40,75,20,20
"2025-06-20 14:00:00",105508.12,TP,0,0.23,0.8772,SKIP,17.45,-0.448,2,-0.3042,SKIP,SKIP,-,106038.55,106116.96,105700.03,105874.05,168.84903,105874.05,105900,105361.62,105674,328.03178,105673.99,105795.39,105430.01,105508.12,126.99791,10,22,15,10,40,65,85,85
"2025-06-20 14:30:00",104881.28,TP,0,0.23,0.6751,SKIP,,,,,-,SKIP,-,105673.99,105795.39,105430.01,105508.12,126.99791,105508.12,105696,105084,105300.38,230.58037,105300.38,105459.85,104790.97,104881.28,319.07772,25,24,25,30,40,65,85,85
"2025-06-20 17:00:00",103536.72,TP,0,0.23,0.8267,SKIP,,,,,-,SKIP,-,104093.46,104196.98,103780,103780.01,491.12121,103780.01,103884.22,103620.01,103670.61,347.41843,103670.61,103761.84,103481.32,103536.71,321.00508,70,67,110,92,40,90,85,85
"2025-06-20 17:30:00",102895.94,SL,9,-0.9,0.6706,SKIP,,,,,-,SKIP,-,103670.61,103761.84,103481.32,103536.71,321.00508,103536.72,103536.72,102668,102949.49,1134.05736,102949.49,102949.5,102345,102895.94,725.49394,20,12,5,5,40,90,85,85
"2025-06-20 22:00:00",103312.51,TP,0,0.23,0.9,TAKE,,,,,-,TAKE,ml,103491.98,103625.2,103484.7,103607.38,53.2983,103607.38,103680,103473,103532,70.50852,103531.99,103532,103183.52,103312.5,102.76548,105,92,50,52,45,60,85,85
"2025-06-20 22:30:00",103146.77,TP,79,0.23,0.8667,SKIP,14.84,-0.3336,3,0.2355,SKIP,SKIP,-,103531.99,103532,103183.52,103312.5,102.76548,103312.51,103339.99,103096.8,103200.41,130.97259,103200.41,103308,103025.38,103146.76,93.12723,105,95,35,35,45,60,85,85
"2025-06-22 02:00:00",102409.89,TP,0,0.23,0.9628,TAKE,,,,,-,TAKE,ml,102564.86,102618.55,102237.37,102602.64,258.39868,102602.63,102728,102360,102387,147.93627,102387.01,102884,101885.98,102409.9,364.40177,30,30,30,30,45,65,70,70
"2025-06-22 02:30:00",102376.68,TP,2,0.23,0.9507,TAKE,,,,,-,TAKE,ml,102387.01,102884,101885.98,102409.9,364.40177,102409.89,102438.64,102010.79,102196.3,266.15061,102196.31,102440.96,101913.66,102376.68,276.91563,30,30,5,5,45,65,70,70
"2025-06-22 14:00:00",100451.46,TP,0,0.23,0.8271,SKIP,,,,,-,SKIP,-,101060.02,101086.46,100268.75,100343.92,2093.61441,100343.92,101000,100297.64,100865.66,543.01468,100865.66,101239.06,100451.45,100451.45,685.94477,0,0,0,0,40,65,70,70
"2025-06-22 14:30:00",99140,TP,3,0.23,0.8093,SKIP,,,,,-,SKIP,-,100865.66,101239.06,100451.45,100451.45,685.94477,100451.46,100547.22,99400,99537.71,2302.39013,99537.71,100204.52,99066.36,99139.99,1662.49257,45,47,0,0,40,65,70,70
"2025-06-22 19:00:00",99186.24,TP,1,0.23,0.8932,MAYBE,33.18,-0.2953,5,0.3304,SKIP,SKIP,-,99535.21,99636.39,99350.34,99636.39,113.37639,99636.39,99777.61,99425.96,99437.42,111.23846,99437.42,99453.75,99080.06,99186.24,178.28699,65,52,5,35,45,55,70,70
"2025-06-22 19:45:00",98882.85,TP,0,0.23,0.8654,SKIP,22.18,-0.7563,4,0.1386,TAKE,TAKE,rsi,99186.24,99253.07,99066.66,99093.14,117.72044,99093.13,99293.3,98992.84,99100.92,159.2438,99100.91,99110.4,98800,98882.84,211.41155,0,0,30,30,45,55,70,70
"2025-06-30 21:15:00",107351.87,TP,0,0.23,0.8401,SKIP,42.33,-0.1914,5,0.2467,SKIP,SKIP,-,107551.62,107614.14,107540.09,107577.89,34.26087,107577.88,107589,107427.82,107468.73,52.72749,107468.73,107468.74,107351.87,107351.87,39.08536,105,95,110,92,45,60,0,0
"2025-07-11 07:00:00",117476.06,SL,8,-0.9,0.8119,SKIP,,,,,-,SKIP,-,118140.9,118181.7,117900,117969,330.53186,117969,118000,117602.22,117648.33,498.79281,117648.32,117648.33,117468.53,117476.06,743.15572,105,92,105,95,45,60,0,0
"2025-07-19 21:00:00",117600,SL,66,-0.9,0.851,SKIP,34.42,-0.3456,3,-0.0906,TAKE,TAKE,rsi,118003.32,118007.22,117953.33,117999.6,48.36698,117999.6,118076,117708.55,117720.01,78.50116,117720,117836.56,117531.19,117599.99,81.34547,115,105,50,92,40,75,48,48
"2025-07-20 20:00:00",118061,TP,6,0.23,0.7938,SKIP,,,,,-,SKIP,-,118539.98,118539.99,118349.11,118349.11,61.46182,118349.12,118374.9,118155,118155.01,62.1664,118155,118176,117852.72,118061,204.34825,28,29,35,35,45,60,85,85
"2025-07-20 22:00:00",116918.3,TP,7,0.23,0.7963,SKIP,,,,,-,SKIP,-,118100.02,118153.88,117912,118016.72,64.36709,118016.72,118049.37,117997.87,117997.88,45.27299,117997.87,118040,116902.96,116918.3,820.15014,0,37,0,0,40,55,85,85
"2025-07-24 03:00:00",118995.06,TP,1,0.23,0.9318,TAKE,,,,,-,TAKE,ml,118847.94,119047.09,118847.93,119039.38,78.3535,119039.37,119071.84,118907.79,118960.6,50.73237,118960.6,119019.33,118894.59,118995.05,55.93306,30,30,0,0,45,60,60,60
"2025-07-24 03:45:00",118488.92,TP,1,0.23,0.7694,SKIP,,,,,-,SKIP,-,118995.06,119250,118995.05,119249.99,166.84807,119249.99,119273.36,118933.09,118933.1,185.32969,118933.09,118933.09,118466.71,118488.92,232.84891,33,42,25,30,45,60,60,60
"2025-07-24 04:30:00",117873.83,TP,1,0.23,0.8092,SKIP,,,,,-,SKIP,-,118488.92,118610.25,118184.88,118575,297.31954,118575,118575,118250.07,118279.99,78.55843,118279.99,118319.91,117873.18,117873.83,176.30797,50,52,50,52,35,90,60,60
"2025-07-24 05:15:00",117589.57,TP,5,0.23,0.762,SKIP,,,,,-,SKIP,-,117873.83,118050.25,117830,117941.86,208.14483,117941.86,117953.72,117620,117621.8,264.63843,117621.81,117800,117500,117589.57,277.212,115,105,90,72,35,80,60,60
"2025-07-24 10:00:00",118350.79,TP,0,0.23,0.892,MAYBE,24.46,-0.3574,3,0.5886,TAKE,TAKE,rsi,118609.23,118669.93,118421.86,118572.91,132.00253,118572.92,118572.92,118300.53,118507.08,135.91338,118507.07,118648.53,118304.57,118350.79,112.84424,48,44,15,-13,35,55,60,60
"2025-07-24 10:30:00",118116.03,TP,12,0.23,0.7132,SKIP,,,,,-,SKIP,-,118507.07,118648.53,118304.57,118350.79,112.84424,118350.79,118385.65,118115.13,118125.08,126.83,118125.08,118141.92,117955.59,118116.03,146.21885,53,57,8,7,35,55,60,60
"2025-07-24 16:30:00",118380.01,TP,28,0.23,0.8622,SKIP,28.83,-0.521,5,0.2974,TAKE,TAKE,rsi,119092.65,119190.41,118831,118890.91,165.30789,118890.91,118974.54,118671.04,118684.52,293.61717,118684.52,118812.64,118350,118380,272.98732,40,92,115,105,0,0,60,60
"2025-07-25 01:00:00",117557.88,TP,1,0.23,0.8226,SKIP,,,,,-,SKIP,-,117964.71,117999.96,117659,117794.22,312.38434,117794.22,117842.6,117652.85,117664.56,217.08666,117664.55,117802.04,117550,117557.88,448.22632,50,52,35,17,40,100,70,70
"2025-07-25 01:45:00",117359.27,TP,1,0.23,0.8889,SKIP,0.07,-0.3693,3,0.0421,SKIP,SKIP,-,117557.88,117557.88,117327.29,117428.37,918.76152,117428.38,117703.26,117350,117428.93,378.63704,117428.92,117500.72,117231,117359.26,633.69975,0,0,0,0,40,100,70,70
"2025-07-25 02:30:00",116638.54,TP,0,0.23,0.8688,SKIP,0.05,-0.6726,1,-0.0784,SKIP,SKIP,-,117359.27,117396.96,117099.99,117200,991.7808,117200.01,117251.09,117096.56,117100,321.29411,117100,117147.28,116605,116638.53,960.19991,65,67,35,60,40,65,70,70
"2025-07-25 03:00:00",116239.99,TP,0,0.23,0.8355,SKIP,0.05,-0.9537,1,-0.0268,SKIP,SKIP,-,117100,117147.28,116605,116638.53,960.19991,116638.54,116785.71,116353.66,116353.67,1001.13764,116353.67,116428.55,115861.74,116240,1088.48588,53,12,70,55,40,100,70,70
"2025-07-25 03:30:00",115400,TP,0,0.23,0.7204,SKIP,,,,,-,SKIP,-,116353.67,116428.55,115861.74,116240,1088.48588,116239.99,116300.01,115825.97,116024.05,1376.96621,116024.05,116024.05,115349.58,115400,1254.87782,80,62,0,35,40,100,70,70
"2025-07-25 06:00:00",115393.45,TP,2,0.23,0.9559,TAKE,,,,,-,TAKE,ml,115611.37,115659.87,115460.49,115629.33,652.8012,115629.33,115638.33,115396.76,115500,510.36431,115500,115511.54,115269.97,115393.44,350.77197,65,70,0,0,35,55,70,70
"2025-07-27 20:45:00",118754.13,TP,57,0.23,0.825,SKIP,,,,,-,SKIP,-,119083.69,119162.66,118925.47,118991.47,88.78466,118991.47,118991.48,118845.4,118881.58,59.97694,118881.59,118941.43,118713.74,118754.13,75.19443,75,80,115,105,40,55,0,0
"2025-07-30 10:00:00",118330.51,TP,1,0.23,0.8651,SKIP,60.2,-0.0357,5,0.7823,SKIP,SKIP,-,118149.99,118161.06,117985.98,118040.01,73.70887,118040,118210.99,118040,118164.08,101.30167,118164.08,118357.43,118164.08,118330.51,110.55145,0,0,0,0,45,60,60,60
"2025-07-30 10:45:00",118020.17,TP,2,0.23,0.9265,TAKE,,,,,-,TAKE,ml,118330.51,118330.83,118217,118326.08,120.08629,118326.08,118450,118292.42,118393.06,306.54539,118393.06,118471.69,117928.13,118020.18,278.85189,0,0,0,0,45,60,60,60
"2025-07-31 11:00:00",118535.14,TP,7,0.23,0.8828,SKIP,50.24,-0.0594,5,0.3346,SKIP,SKIP,-,118469.05,118544.43,118435.72,118544.43,62.38576,118544.42,118629.34,118493.04,118505.02,70.34255,118505.02,118560,118480,118535.14,125.04007,10,10,65,22,40,55,60,60
"2025-07-31 19:00:00",117299.99,TP,0,0.23,0.8686,SKIP,33.94,-0.3636,2,-0.0502,TAKE,TAKE,rsi,117930.04,117998.38,117789.62,117826.3,187.53981,117826.31,117941.72,117605.36,117658.8,131.679,117658.81,117762.05,117200.01,117299.98,569.43495,65,67,0,67,40,55,60,60
"2025-07-31 19:30:00",116948,TP,0,0.23,0.8261,SKIP,,,,,-,SKIP,-,117658.81,117762.05,117200.01,117299.98,569.43495,117299.99,117358.85,117123.43,117159.45,289.41129,117159.46,117193.17,116867.49,116948,330.47526,75,80,40,37,40,55,60,60
"2025-07-31 23:00:00",116362.98,TP,0,0.23,0.8744,SKIP,31.33,-0.1493,3,0.2936,SKIP,SKIP,-,116290.32,116297.24,116085,116214,212.85638,116213.99,116278.23,116010,116010.6,161.36987,116010.6,116362.99,115940.02,116362.99,367.9833,30,30,0,0,40,90,60,60
"2025-07-31 23:30:00",115743.58,TP,0,0.23,0.8151,SKIP,,,,,-,SKIP,-,116010.6,116362.99,115940.02,116362.99,367.9833,116362.98,116362.99,116037.76,116040.21,132.99553,116040.21,116040.21,115500,115743.58,535.60137,50,22,20,35,40,90,60,60
"2025-08-01 00:00:00",115313.01,TP,1,0.23,0.9152,TAKE,,,,,-,TAKE,ml,116040.21,116040.21,115500,115743.58,535.60137,115743.58,115860,115573.45,115764.08,229.44609,115764.07,115829.46,115308.55,115313.01,302.1586,0,0,0,0,40,100,75,75
"2025-08-01 00:45:00",115427.27,TP,0,0.23,0.8845,SKIP,26.02,-0.2733,3,0.078,SKIP,SKIP,-,115313.01,115933,115313,115800.01,450.53896,115800,115800,115423.87,115517.98,184.42538,115517.99,115527.53,114313.13,115427.27,1589.76467,35,35,30,30,40,100,75,75
"2025-08-01 07:00:00",114974.69,TP,0,0.23,0.7975,SKIP,,,,,-,SKIP,-,115258,115328.48,115078.16,115084.16,208.43065,115084.17,115203.13,115065.55,115156.51,166.13786,115156.52,115300,114880,114974.68,277.64623,0,0,0,0,40,90,75,75
"2025-08-01 07:30:00",114772.91,TP,0,0.23,0.8419,SKIP,7.7,-0.4209,2,0.0022,SKIP,SKIP,-,115156.52,115300,114880,114974.68,277.64623,114974.69,115133.21,114810.43,114840.96,288.0346,114840.96,114887.07,114633.18,114772.9,350.55907,53,57,70,55,40,90,75,75
"2025-08-01 17:00:00",114594.25,TP,2,0.23,0.8657,SKIP,44.87,-0.6619,4,0.0565,TAKE,TAKE,rsi,115602.17,115602.18,115009.27,115438.53,317.59982,115438.53,115524.62,114817.81,115015.6,182.7196,115015.6,115046.88,114520.92,114594.26,336.1043,50,52,65,5,40,75,75,75
"2025-08-01 18:00:00",114124.6,TP,1,0.23,0.8362,SKIP,3.81,-0.7747,3,0.02,SKIP,SKIP,-,114655.14,115096.93,114432.99,114454.96,243.05894,114454.95,114623.92,114345,114420,201.00413,114420,114496.59,114048.44,114124.6,291.15369,45,47,0,0,45,90,75,75
"2025-08-01 18:45:00",113836.92,TP,0,0.23,0.9434,TAKE,,,,,-,TAKE,ml,114124.6,114375,113669.01,114154.9,529.65846,114154.9,114341.77,114065.07,114188.01,185.0372,114188,114222.62,113738.63,113836.93,175.03888,0,0,0,0,45,90,75,75
"2025-08-01 19:15:00",113396.04,TP,11,0.23,0.7558,SKIP,,,,,-,SKIP,-,114188,114222.62,113738.63,113836.93,175.03888,113836.92,113922.47,113621,113680.64,174.23989,113680.64,113725.62,113251,113396.04,358.85864,65,67,0,0,35,70,75,75
"2025-08-01 22:30:00",113066,TP,67,0.23,0.7239,SKIP,,,,,-,SKIP,-,113892.11,114010.82,113505.62,113645.99,130.97904,113645.99,113807.34,113180,113449,232.63604,113449.01,113494.55,112888,113066,597.34428,35,72,15,5,40,55,75,75
"2025-08-09 03:00:00",116449.6,SL,25,-0.9,0.9211,TAKE,,,,,-,TAKE,ml,116448.13,116450.46,116400,116450.45,31.61644,116450.46,116468.12,116404,116404,32.39752,116404,116468.14,116364.76,116449.61,51.56928,10,10,70,55,45,60,60,60
"2025-08-09 19:00:00",116647.14,TP,7,0.23,0.8721,SKIP,24.87,-0.0198,5,0.242,SKIP,SKIP,-,116669.23,116669.23,116616.13,116616.14,47.08781,116616.14,116680.01,116555.02,116634.91,72.79685,116634.91,116721.74,116634.9,116647.14,114.2312,0,0,0,0,40,55,60,60
"2025-08-24 13:00:00",114660.8,TP,2,0.23,0.953,TAKE,,,,,-,TAKE,ml,114676.53,114738.88,114597.55,114647.89,85.07108,114647.9,114691.19,114604.64,114673.81,98.00081,114673.8,114687.8,114629.56,114660.79,118.10621,0,0,0,0,40,55,60,60
"2025-08-24 14:00:00",114400.01,TP,20,0.23,0.9147,TAKE,,,,,-,TAKE,ml,114654.05,114760,114576.43,114643.19,171.37195,114643.19,114781.21,114555,114555,216.22928,114555,114564.69,114350.57,114400,270.92137,115,105,0,0,50,60,60,60
"2025-08-25 04:00:00",112844.01,TP,2,0.23,0.8241,SKIP,,,,,-,SKIP,-,113371.82,113481.05,113282.82,113348.37,91.2308,113348.38,113378.82,112905.16,112916.84,224.74742,112916.84,113059.52,112844,112844.01,158.32447,45,47,15,57,35,80,63,63
"2025-08-25 06:00:00",112280,TP,1,0.23,0.8648,SKIP,12.47,-0.4292,1,0.071,SKIP,SKIP,-,112538.39,112603.35,112377.6,112505.16,242.81792,112505.17,112621.27,112309.99,112310,242.39888,112310,112415.97,112246.57,112280,164.56667,65,70,105,77,35,90,63,63
"2025-08-25 06:45:00",111929.87,TP,1,0.23,0.7654,SKIP,,,,,-,SKIP,-,112280,112459.18,112181.31,112249.74,199.55147,112249.74,112329.41,112042.79,112052.42,210.36638,112052.42,112066.73,111756.6,111929.87,358.70984,28,29,20,35,35,90,63,63
"2025-08-25 07:30:00",111854.01,TP,0,0.23,0.8813,SKIP,17.17,-0.3525,1,0.1366,SKIP,SKIP,-,111929.87,112065.91,111803.99,112049.1,233.23847,112049.11,112165.19,111892.38,111902.66,195.38189,111902.66,111949.7,111451.98,111854.01,674.32843,20,35,30,30,40,90,63,63
"2025-08-25 19:00:00",112150.01,TP,0,0.23,0.7707,SKIP,,,,,-,SKIP,-,112574.53,112574.53,112250.13,112293.46,86.94964,112293.46,112470.37,112293.46,112402.9,52.14143,112402.9,112430.16,112150.01,112150.01,99.28681,0,0,35,37,40,55,63,63
"2025-08-25 19:30:00",111164.12,TP,0,0.23,0.7878,SKIP,,,,,-,SKIP,-,112402.9,112430.16,112150.01,112150.01,99.28681,112150.01,112180.12,111727.1,111961,274.90096,111960.99,111981.46,111080,111164.11,368.59492,25,44,20,5,40,55,63,63
"2025-08-25 20:00:00",110070.55,TP,0,0.23,0.9356,TAKE,,,,,-,TAKE,ml,111960.99,111981.46,111080,111164.11,368.59492,111164.12,111383.86,110655.01,110716.13,600.43595,110716.13,111092.54,110000,110070.54,1539.73866,0,92,20,35,40,65,63,63
"2025-08-25 20:30:00",109945.99,TP,0,0.23,0.7216,SKIP,,,,,-,SKIP,-,110716.13,111092.54,110000,110070.54,1539.73866,110070.55,110633.87,110066.53,110519,450.19445,110519.01,110557.87,109390.01,109946,1537.98823,0,0,0,0,40,65,63,63
"2025-09-05 09:00:00",112506,TP,0,0.23,0.7728,SKIP,,,,,-,SKIP,-,112733.6,112798.89,112697.39,112724.16,80.1286,112724.17,112765.47,112605.37,112618.51,94.4567,112618.51,112619.98,112473.33,112506.01,151.89387,90,77,0,0,35,55,85,85
"2025-09-05 09:30:00",112305.09,SL,10,-0.9,0.6375,SKIP,,,,,-,SKIP,-,112618.51,112619.98,112473.33,112506.01,151.89387,112506,112516.32,112190.48,112215.91,168.65445,112215.91,112344.24,112131.02,112305.09,207.37681,8,7,70,55,35,55,85,85
"2025-09-14 04:00:00",115652.37,TP,36,0.23,0.9408,TAKE,,,,,-,TAKE,ml,115740.13,115766.2,115675.91,115731.06,62.75812,115731.06,115746.27,115651.99,115679.98,51.01837,115679.99,115679.99,115600.79,115652.36,63.69494,75,80,105,92,5,5,60,60
"2025-09-14 13:30:00",115303.31,TP,40,0.23,0.8483,SKIP,12.6,-0.4346,3,-0.2206,SKIP,SKIP,-,115776.31,115776.32,115720.06,115741.36,58.24736,115741.37,115741.37,115423.65,115531.88,136.56157,115531.88,115531.88,115260.9,115303.31,247.24475,35,44,8,7,40,55,60,60
"2025-09-22 00:00:00",115275.66,TP,0,0.23,0.8335,SKIP,47.58,-0.2278,5,0.2663,SKIP,SKIP,-,115316.4,115337.76,115228.83,115265.98,54.17311,115265.98,115275.65,115220.02,115232.29,48.06065,115232.29,115379.25,115188,115275.66,63.97784,10,10,8,7,40,100,85,85
"2025-09-22 00:30:00",114846.86,TP,0,0.23,0.7554,SKIP,,,,,-,SKIP,-,115232.29,115379.25,115188,115275.66,63.97784,115275.66,115316.29,115132.47,115169.88,77.01399,115169.88,115169.88,114700,114846.87,526.11992,105,92,0,44,40,100,85,85
"2025-09-22 02:00:00",114367.17,TP,13,0.23,0.7972,SKIP,,,,,-,SKIP,-,114649.9,114750,114543.17,114608.27,100.2112,114608.28,114670.94,114250.98,114273.45,162.88735,114273.44,114566.31,114273.44,114367.18,252.68255,70,55,10,7,45,60,85,85
"2025-09-22 05:45:00",113691.18,TP,0,0.23,0.7437,SKIP,,,,,-,SKIP,-,114405.22,114551.8,114362.23,114530.01,141.58568,114530.01,114530.01,114328,114328,97.7349,114328.01,114384,113623,113691.19,403.10212,0,67,0,92,45,60,85,85
"2025-09-22 06:15:00",112791.59,TP,4,0.23,0.87,SKIP,7.69,-1.4105,3,-0.2417,SKIP,SKIP,-,114328.01,114384,113623,113691.19,403.10212,113691.18,113698.38,111800,113010.87,3164.59264,113010.87,113148,112638.99,112791.58,913.51275,-5,0,0,0,40,65,85,85
"2025-09-22 17:00:00",112307.29,TP,8,0.23,0.915,TAKE,,,,,-,TAKE,ml,112742.12,112823.85,112691.04,112823.84,61.91154,112823.85,112823.85,112585.87,112600.68,110.00852,112600.69,112622.95,112250.89,112307.28,239.7976,35,92,65,67,45,60,85,85
"2025-10-08 14:45:00",122319.99,TP,2,0.23,0.8585,SKIP,42.47,0.346,3,0.1602,SKIP,SKIP,-,122825,123092.12,122419.53,122590.73,218.63105,122590.72,122856.03,122260,122484.63,275.35604,122484.63,122624.67,122112.16,122320,248.90464,110,92,110,92,40,55,18,18
"2025-10-09 01:00:00",122625.72,TP,0,0.23,0.8681,SKIP,0,-0.5517,1,-0.1261,SKIP,SKIP,-,123062.25,123109.8,122873.92,122963.93,101.05938,122963.93,123112.31,122839.15,122839.15,148.4547,122839.16,122857.32,122583,122625.73,149.42106,115,105,105,92,90,100,0,0
"2025-10-16 05:00:00",111116.29,TP,1,0.23,0.937,TAKE,,,,,-,TAKE,ml,111550.57,111584.99,110933.29,110998.34,198.21035,110998.34,111119.46,110800.88,110966.03,171.94132,110966.03,111169.95,110907.28,111116.3,115.01413,10,10,0,7,40,75,75,75
"2025-10-16 05:45:00",110951.13,TP,6,0.23,0.8871,SKIP,29.32,-0.0425,3,0.1736,SKIP,SKIP,-,111116.29,111153.92,110968.8,111054.72,195.85329,111054.72,111485.03,111054.72,111360.01,329.54326,111360.01,111365.02,110750,110951.14,190.65242,0,0,0,0,40,75,75,75
"2025-10-16 14:00:00",110227.07,SL,0,-0.9,0.809,SKIP,,,,,-,SKIP,-,111141.36,111499.5,111075.77,111319.42,389.78958,111319.42,111448.44,110684.32,110860,428.1298,110860,110936,110215.5,110227.08,477.52825,33,37,90,25,40,100,75,75
"2025-10-16 14:30:00",111352,TP,0,0.23,0.8411,SKIP,46.99,0.1895,4,0.5928,SKIP,SKIP,-,110860,110936,110215.5,110227.08,477.52825,110227.07,110466,109728,110343.41,859.53691,110343.42,111420.02,110343.42,111352.01,505.3546,0,0,0,0,40,100,75,75
"2025-10-16 15:00:00",110587.95,TP,0,0.23,0.9104,TAKE,,,,,-,TAKE,ml,110343.42,111420.02,110343.42,111352.01,505.3546,111352,111404.99,110486.12,110529.34,376.31024,110529.35,110727.35,110149.56,110587.95,346.36955,30,30,35,35,40,100,75,75
"2025-10-16 15:30:00",109240.69,TP,0,0.23,0.7507,SKIP,,,,,-,SKIP,-,110529.35,110727.35,110149.56,110587.95,346.36955,110587.95,110627.99,109890,110044.97,319.05164,110044.97,110181.34,109000,109240.7,1038.79809,0,67,0,44,40,100,75,75
"2025-10-17 04:30:00",108910.45,TP,2,0.23,0.8083,SKIP,,,,,-,SKIP,-,109176.74,109236.01,109016.18,109094.09,107.37,109094.08,109138.19,108916,108966.35,100.51977,108966.35,109066.97,108870.24,108910.46,116.81637,75,80,110,92,0,0,58,58
"2025-10-17 05:30:00",108553.39,TP,0,0.23,0.885,SKIP,6.29,-0.379,3,0.118,SKIP,SKIP,-,108787.26,108926.06,108732,108813.73,121.33452,108813.73,108888.21,108728.02,108832.1,142.69526,108832.1,108866.82,108526.43,108553.4,211.30445,0,0,0,0,40,75,58,58
"2025-10-17 06:00:00",108329.54,TP,0,0.23,0.8234,SKIP,,,,,-,SKIP,-,108832.1,108866.82,108526.43,108553.4,211.30445,108553.39,108575.3,108299.12,108381.76,325.12324,108381.75,108519.49,108281.23,108329.53,175.71556,105,95,30,30,40,100,58,58
"2025-10-17 06:30:00",107020.01,TP,0,0.23,0.8384,SKIP,2.41,-1.665,2,-0.3318,SKIP,SKIP,-,108381.75,108519.49,108281.23,108329.53,175.71556,108329.54,108341.1,107758.83,107820.02,443.64628,107820.02,107882,106900,107020,1234.50085,0,44,0,92,40,100,58,58
"2025-10-17 07:00:00",106245.38,TP,0,0.23,0.8422,SKIP,0,-1.9712,2,-0.172,SKIP,SKIP,-,107820.02,107882,106900,107020,1234.50085,107020.01,107195.97,106639.79,106741.28,986.62897,106741.28,106901.85,106194.19,106245.38,1204.48352,75,80,0,5,40,65,58,58
"2025-10-17 07:30:00",105759.74,TP,0,0.23,0.8731,SKIP,1.92,-1.9109,2,-0.0567,SKIP,SKIP,-,106741.28,106901.85,106194.19,106245.38,1204.48352,106245.38,106570.46,106156.46,106297.6,571.15181,106297.61,106322.33,105688.49,105759.73,1286.04175,0,0,0,0,40,65,58,58
"2025-10-17 08:00:00",105146.2,TP,0,0.23,0.8914,MAYBE,1.88,-1.4944,1,-0.0025,SKIP,SKIP,-,106297.61,106322.33,105688.49,105759.73,1286.04175,105759.74,105998.99,105542.09,105633.75,829.57646,105633.75,105669.43,105050,105146.19,1116.91655,75,67,80,62,35,90,58,58
"2025-10-17 08:30:00",105080.01,TP,0,0.23,0.7862,SKIP,,,,,-,SKIP,-,105633.75,105669.43,105050,105146.19,1116.91655,105146.2,105459.98,104505,105173.59,1959.19306,105173.59,105716.15,104890,105080.01,747.87193,0,0,15,20,35,90,58,58
"2025-10-27 20:45:00",114455.17,TP,0,0.23,0.7926,SKIP,,,,,-,SKIP,-,114776.57,114870.21,114713,114713,101.66281,114713.01,114758.37,114607.18,114649.04,117.75982,114649.03,114758.37,114408,114455.17,188.35436,105,92,110,92,15,60,0,0
"2025-10-29 00:00:00",112740.2,TP,1,0.23,0.8497,SKIP,22.81,-0.4274,3,0.2904,TAKE,TAKE,rsi,112897.81,113092.26,112872.48,112960.87,99.867,112960.87,113054.85,112883.72,112898.45,66.1659,112898.44,112898.45,112686,112740.19,189.9806,65,67,70,55,45,90,85,85
"2025-10-29 00:45:00",112442.87,TP,0,0.23,0.8551,SKIP,8.86,-0.4586,2,0.0115,SKIP,SKIP,-,112740.2,112816.99,112636.73,112696.08,72.02309,112696.08,112765.05,112614.99,112614.99,87.48137,112615,112638.99,112442.87,112442.88,155.81365,105,92,65,52,45,90,85,85
"2025-10-29 09:00:00",112880,TP,18,0.23,0.8511,SKIP,25.11,-0.6145,3,0.2516,TAKE,TAKE,rsi,113311.24,113325.06,113008.85,113119.24,164.27974,113119.25,113183.89,112956,113070.94,114.43145,113070.94,113105.08,112880,112880.01,145.03448,75,80,35,37,45,75,85,85
"2025-10-29 15:00:00",112255.74,TP,0,0.23,0.937,TAKE,,,,,-,TAKE,ml,112317.1,112692.3,112246.41,112550,199.75737,112550.01,112729.31,112317.1,112488.44,257.95748,112488.45,112564.31,112220.01,112255.73,367.39006,80,77,40,45,40,75,85,85
"2025-10-29 15:30:00",111750.94,TP,0,0.23,0.7134,SKIP,,,,,-,SKIP,-,112488.45,112564.31,112220.01,112255.73,367.39006,112255.74,112479.47,112000,112029.7,397.69044,112029.7,112158,111672.99,111750.94,557.07036,43,44,105,92,40,75,85,85
"2025-10-29 23:00:00",110584.95,TP,0,0.23,0.7855,SKIP,,,,,-,SKIP,-,111220.17,111252.44,111112.4,111132.86,56.92181,111132.86,111250,110949.68,111028.2,93.97364,111028.2,111077.76,110584.94,110584.95,316.4591,105,92,0,0,40,90,85,85
"2025-10-29 23:30:00",110003.25,TP,0,0.23,0.7879,SKIP,,,,,-,SKIP,-,111028.2,111077.76,110584.94,110584.95,316.4591,110584.95,110733.21,110437.14,110463.59,149.21777,110463.6,110463.6,109733.22,110003.25,436.02583,65,37,0,5,40,90,85,85
"2025-10-30 04:00:00",110011.48,TP,0,0.23,0.7249,SKIP,,,,,-,SKIP,-,110783.88,110914.23,110706.05,110726.64,150.89561,110726.64,110816.85,110538.68,110751.47,181.19224,110751.48,110761.43,109900,110011.49,489.05491,0,0,0,47,40,100,58,58
"2025-10-30 04:30:00",108977.41,TP,0,0.23,0.8381,SKIP,19.05,-1.6306,6,-0.051,SKIP,SKIP,-,110751.48,110761.43,109900,110011.49,489.05491,110011.48,110152.37,108001.49,108390.02,1491.67402,108390.02,109460.46,107925.06,108977.4,1185.61595,10,0,0,0,40,100,58,58
"2025-10-30 12:00:00",109426.92,TP,0,0.23,0.8307,SKIP,20.21,-0.6165,3,0.0728,TAKE,TAKE,rsi,109922.74,110063.21,109850,109945.89,115.08805,109945.89,110075.03,109692.3,109717.29,146.22319,109717.19,109777.93,109363.92,109426.96,203.49961,115,92,35,92,40,75,58,58
"2025-10-30 12:30:00",108500.27,TP,1,0.23,0.7815,SKIP,,,,,-,SKIP,-,109717.19,109777.93,109363.92,109426.96,203.49961,109426.92,109500,108668.36,108784.3,472.59514,108784.3,109104.99,108500,108500.27,426.34136,50,44,15,37,40,75,58,58
"2025-10-30 13:15:00",108461.23,TP,0,0.23,0.9257,TAKE,,,,,-,TAKE,ml,108500.27,108668.2,108280.65,108387.86,347.05042,108387.86,108728.54,108299.42,108539.96,774.91812,108539.95,108557.55,108166,108461.22,416.35455,0,0,0,0,40,65,58,58
"2025-10-30 13:45:00",107627.15,TP,6,0.23,0.7766,SKIP,,,,,-,SKIP,-,108539.95,108557.55,108166,108461.22,416.35455,108461.23,108538.46,107400,107473,1070.76903,107473.01,108173.85,107419.47,107627.16,606.49534,10,7,15,10,40,65,58,58
"2025-10-30 19:00:00",106901.29,TP,0,0.23,0.8927,MAYBE,38.91,-0.5446,5,0.0985,TAKE,TAKE,rsi,107351.3,107556.65,106929.11,106988.72,216.36512,106988.71,107239.46,106791.78,106837.09,168.45703,106837.09,107158.62,106716.71,106901.29,270.15421,30,30,8,7,40,75,58,58
"2025-10-30 19:30:00",106742.86,TP,0,0.23,0.9405,TAKE,,,,,-,TAKE,ml,106837.09,107158.62,106716.71,106901.29,270.15421,106901.29,107100,106659.9,107007.24,231.4206,107007.24,107153.84,106304.34,106742.85,495.23821,0,0,0,0,40,75,58,58
"2025-11-04 08:00:00",103880.07,TP,5,0.23,0.7915,SKIP,,,,,-,SKIP,-,104370.73,104736.71,104317.56,104397.96,417.10791,104397.95,104598.03,104340.35,104490.72,339.55772,104490.73,104540.68,103838.26,103880.07,714.35767,0,0,0,0,35,55,58,58
"2025-11-04 16:00:00",103078.91,TP,0,0.23,0.824,SKIP,,,,,-,SKIP,-,104466,104466.01,103967.41,104114.83,616.00543,104114.82,104114.83,103185.89,103197.01,680.23827,103197.02,103500.05,103000,103078.91,882.41766,53,57,15,5,30,65,58,58
"2025-11-04 16:30:00",102667.05,TP,0,0.23,0.6583,SKIP,,,,,-,SKIP,-,103197.02,103500.05,103000,103078.91,882.41766,103078.91,103196.34,102511,102740.17,955.01132,102740.16,103034.55,102575.88,102667.05,530.56326,23,27,15,20,30,65,58,58
"2025-11-04 17:00:00",101339.92,TP,1,0.23,0.8837,SKIP,0,-1.7996,2,-0.2159,SKIP,SKIP,-,102740.16,103034.55,102575.88,102667.05,530.56326,102667.05,102789.05,102164,102257.7,945.33459,102257.7,102257.7,101250,101339.92,1614.41982,0,92,115,92,45,90,58,58
"2025-11-04 17:45:00",101114.82,TP,0,0.23,0.9231,TAKE,,,,,-,TAKE,ml,101339.92,101570.11,100800,101356.75,1569.68117,101356.74,101968,101278.41,101366.43,611.80773,101366.43,101494,101088,101114.83,427.4993,0,0,0,0,45,90,58,58
"2025-11-12 15:00:00",103732,TP,0,0.23,0.8118,SKIP,,,,,-,SKIP,-,104765.44,104899.69,104517.01,104694.01,267.28408,104694.01,104876.36,103604.57,103990.4,885.5412,103990.39,104299.98,103729.21,103732,345.33181,15,10,-5,0,40,100,60,60
"2025-11-12 15:30:00",102780.99,TP,0,0.23,0.774,SKIP,,,,,-,SKIP,-,103990.39,104299.98,103729.21,103732,345.33181,103732,103911.83,103280.87,103458.01,392.17977,103458.01,103699.67,102650.41,102780.99,848.56357,0,44,0,5,40,100,60,60
"2025-11-12 16:00:00",101512,TP,10,0.23,0.8878,SKIP,0,-2.3833,0,-0.1811,SKIP,SKIP,-,103458.01,103699.67,102650.41,102780.99,848.56357,102780.99,102836.35,101961.97,102173.51,988.3132,102173.51,102285.18,101300,101511.99,1012.55225,95,85,45,35,15,60,60,60
"2025-11-12 19:00:00",101157.12,TP,0,0.23,0.7989,SKIP,,,,,-,SKIP,-,101610.87,101838,101489.49,101500.01,146.67063,101500.01,101594,101416.69,101542.17,156.09306,101542.18,101569.66,101061.91,101157.12,318.1975,0,0,45,57,40,75,60,60
"2025-11-12 19:30:00",101403.15,TP,0,0.23,0.92,TAKE,,,,,-,TAKE,ml,101542.18,101569.66,101061.91,101157.12,318.1975,101157.12,101310.49,100813.59,101085.61,261.21014,101085.62,101534.62,100862.18,101403.14,225.94377,30,30,30,30,40,75,60,60
"2025-11-13 16:00:00",101188.02,TP,0,0.23,0.8297,SKIP,,,,,-,SKIP,-,102205.91,102222,101580.12,101593.75,464.01186,101593.75,101620.85,101184.14,101382.64,592.96151,101382.63,101540.93,101013.65,101188.02,549.80109,110,92,0,0,35,55,70,70
"2025-11-13 16:30:00",100942.76,TP,0,0.23,0.661,SKIP,,,,,-,SKIP,-,101382.63,101540.93,101013.65,101188.02,549.80109,101188.02,101270.78,100715.31,101064.94,713.12901,101064.94,101425.93,100837.83,100942.76,775.60165,85,20,-20,5,35,55,70,70
"2025-11-13 17:00:00",100544.34,TP,0,0.23,0.8654,SKIP,0,-0.8269,1,0.0452,SKIP,SKIP,-,101064.94,101425.93,100837.83,100942.76,775.60165,100942.76,101142.47,100550,100633.13,625.64006,100633.13,100820.49,100443.24,100544.35,723.63862,75,80,0,67,45,90,70,70
"2025-11-13 17:30:00",100033.89,TP,0,0.23,0.8324,SKIP,0,-1.0202,0,0.0345,SKIP,SKIP,-,100633.13,100820.49,100443.24,100544.35,723.63862,100544.34,100794.13,100205.11,100314.98,671.20785,100314.97,100500,99840,100033.9,795.11744,75,80,0,0,45,90,70,70
"2025-11-13 18:00:00",99376.43,TP,0,0.23,0.8839,SKIP,0,-1.2488,0,0.0133,SKIP,SKIP,-,100314.97,100500,99840,100033.9,795.11744,100033.89,100184.9,99608.98,99659.99,1178.66331,99659.99,99922,99226.91,99376.42,1222.13136,115,105,45,80,40,100,70,70
"2025-11-13 18:30:00",98671.68,TP,0,0.23,0.5789,SKIP,,,,,-,SKIP,-,99659.99,99922,99226.91,99376.42,1222.13136,99376.43,99578.61,98750,99100.17,1238.12652,99100.17,99126.41,98234.28,98671.68,1267.10238,23,5,0,0,40,100,70,70
"2025-11-14 11:00:00",96769.11,TP,0,0.23,0.9466,TAKE,,,,,-,TAKE,ml,96999.9,97286.92,96910,97205,200.60421,97205,97205,96668.73,96752.2,174.08232,96752.19,96945.61,96668.79,96769.1,186.62563,30,30,50,35,40,55,63,63
"2025-11-14 11:30:00",96202.1,TP,0,0.23,0.8494,SKIP,27.25,-0.8225,5,-0.1299,TAKE,TAKE,rsi,96752.19,96945.61,96668.79,96769.1,186.62563,96769.11,96819.63,96378.64,96529.87,376.00759,96529.88,96562.98,95711,96202.09,829.70396,5,12,75,60,40,55,63,63
"2025-11-14 12:00:00",95609.54,TP,0,0.23,0.881,SKIP,12.1,-1.181,4,-0.1919,SKIP,SKIP,-,96529.88,96562.98,95711,96202.09,829.70396,96202.1,96263.47,95755,96167.44,539.59378,96167.45,96167.45,95538,95609.54,555.58785,15,20,0,0,40,65,63,63
"2025-11-14 12:30:00",94881.12,TP,2,0.23,0.7447,SKIP,,,,,-,SKIP,-,96167.45,96167.45,95538,95609.54,555.58785,95609.54,95935.42,95525.02,95756.95,666.55875,95756.94,95918.78,94560.48,94881.12,2377.50784,0,0,0,5,40,65,63,63
"2025-11-17 11:00:00",95734.24,TP,1,0.23,0.912,TAKE,,,,,-,TAKE,ml,95635.72,95891.59,95545.1,95745.18,145.13202,95745.18,95828.56,95623.91,95651.7,118.32093,95651.7,95786.95,95560.4,95734.25,100.62781,30,30,30,30,40,55,73,73
"2025-11-17 11:45:00",95565.38,TP,0,0.23,0.7835,SKIP,,,,,-,SKIP,-,95734.24,95823,95688.73,95716.21,126.02844,95716.21,95938.36,95620.02,95620.03,216.83401,95620.03,95632.52,95369.98,95565.38,483.0288,20,47,0,7,40,55,73,73
"2025-11-17 13:00:00",94934.58,TP,0,0.23,0.7712,SKIP,,,,,-,SKIP,-,95459.99,95560,95308.99,95497.37,138.99909,95497.37,95497.37,95250.58,95312.23,138.02141,95312.24,95370.89,94817.53,94934.59,376.89455,65,52,0,67,40,75,73,73
"2025-11-17 13:30:00",93855.9,SL,2,-0.9,0.6877,SKIP,,,,,-,SKIP,-,95312.24,95370.89,94817.53,94934.59,376.89455,94934.58,95043.11,94500,94571.88,460.77372,94571.87,94689.03,93841.41,93855.91,706.86108,0,92,65,67,40,75,73,73
"2025-11-17 18:00:00",92833.47,TP,0,0.23,0.804,SKIP,,,,,-,SKIP,-,93532.63,93660,92753.8,92852.39,846.99954,92852.38,93049.09,92658.82,92767.49,698.00769,92767.48,93224.35,92602.5,92833.47,895.64503,30,30,53,12,30,65,73,73
"2025-11-17 18:30:00",92700.4,TP,0,0.23,0.8566,SKIP,13.71,-0.8898,5,0.1428,SKIP,SKIP,-,92767.48,93224.35,92602.5,92833.47,895.64503,92833.47,92928.69,92456,92462.98,791.59595,92462.98,92725.62,92413.31,92700.4,601.93248,30,30,30,30,30,65,73,73
"2025-11-17 19:00:00",92311.37,TP,0,0.23,0.8798,SKIP,16.6,-0.4917,3,0.1129,TAKE,TAKE,rsi,92462.98,92725.62,92413.31,92700.4,601.93248,92700.4,93068.1,92500,92549.01,689.14967,92549.02,92653.97,92294.86,92311.36,543.06459,13,17,45,50,45,90,73,73
"2025-11-17 19:30:00",91864.25,TP,0,0.23,0.6366,SKIP,,,,,-,SKIP,-,92549.02,92653.97,92294.86,92311.36,543.06459,92311.37,92366,92103.26,92280.35,603.0861,92280.36,92470.57,91738.01,91864.26,1572.94003,45,27,0,60,45,90,73,73
"2025-11-25 06:15:00",87944.05,TP,2,0.23,0.8315,SKIP,38.94,-0.2728,4,0.4817,SKIP,SKIP,-,88208.35,88247.33,88080.51,88120.82,61.73034,88120.83,88149.01,88040,88083.97,92.81739,88083.98,88124,87927.68,87944.06,81.28338,110,92,105,95,35,55,0,0
"2025-11-29 02:00:00",90855.67,TP,0,0.23,0.9572,TAKE,,,,,-,TAKE,ml,90964.42,90964.43,90797.36,90854.92,46.62072,90854.91,90913.2,90803.84,90881.2,49.60986,90881.2,90891.39,90796.09,90855.67,80.90044,0,0,0,0,40,55,58,58
"2025-11-29 02:30:00",90672.06,TP,13,0.23,0.8946,MAYBE,31.78,-0.3214,4,-0.106,TAKE,TAKE,rsi,90881.2,90891.39,90796.09,90855.67,80.90044,90855.67,90926.9,90845.26,90845.27,66.84923,90845.26,90845.26,90546.36,90672.05,143.79428,35,37,35,44,40,55,58,58
"2025-11-29 06:15:00",90549.78,TP,45,0.23,0.7873,SKIP,,,,,-,SKIP,-,90858.22,90871,90733.22,90747.16,31.82752,90747.16,90832.57,90722.49,90824.84,34.38264,90824.84,90824.84,90370.5,90549.78,265.2871,0,0,0,0,45,60,58,58
"2025-11-30 02:45:00",90795.52,TP,0,0.23,0.8887,SKIP,17.26,-0.1847,6,0.3051,SKIP,SKIP,-,90944.8,90991.08,90900,90959.99,98.93432,90960,90993.92,90829.43,90854.28,53.35681,90854.28,90871,90749.9,90795.51,63.1284,75,80,105,95,0,0,85,85
"2025-11-30 05:00:00",90780.54,SL,15,-0.9,0.8561,SKIP,60.53,-0.1417,5,0.2562,SKIP,SKIP,-,90870.53,90899.09,90826.41,90840,20.88184,90840,90858,90799.91,90858,18.62178,90857.99,90857.99,90732.53,90780.53,36.53981,0,0,0,0,40,55,85,85
"2025-11-30 11:00:00",91330.45,TP,1,0.23,0.7685,SKIP,,,,,-,SKIP,-,91396.88,91396.88,91214.7,91224.55,45.80723,91224.56,91287.95,91200,91234.31,42.47951,91234.31,91397.33,91208.76,91330.46,184.75731,0,0,0,0,45,60,85,85
"2025-11-30 11:45:00",91048.79,SL,4,-0.9,0.8894,SKIP,34.48,-0.1927,3,0.2871,SKIP,SKIP,-,91330.45,91343.38,91226.32,91255.15,47.51509,91255.15,91275.18,91121.74,91139.98,120.45218,91139.98,91201.43,90998.34,91048.78,90.63318,35,47,0,0,45,60,85,85
"2025-11-30 15:00:00",91417.44,TP,10,0.23,0.8844,SKIP,25.26,-0.3842,4,0.5004,TAKE,TAKE,rsi,91554.19,91583.61,91256.88,91359.92,236.73655,91359.93,91499.99,91336.28,91499.99,67.62531,91499.98,91499.99,91326.59,91417.43,59.05697,0,0,0,0,35,55,85,85
"2025-11-30 21:00:00",91166.74,TP,6,0.23,0.9145,TAKE,,,,,-,TAKE,ml,91313.35,91334.35,91178,91278.04,62.36093,91278.04,91374.31,91258.14,91315.6,74.95,91315.59,91332.18,91000,91166.74,146.55524,0,0,0,0,45,60,85,85
"2025-12-01 00:45:00",87000,TP,5,0.23,0.7432,SKIP,,,,,-,SKIP,-,88920,89097.61,88350.36,88375.56,896.72776,88375.55,88440,87637.71,87735.34,1167.99897,87737.65,87775.51,86959.99,87000,1038.00091,110,92,90,92,0,65,58,58
"2025-12-01 03:00:00",86398.02,TP,0,0.23,0.8635,SKIP,23.79,-0.8844,3,0.1891,TAKE,TAKE,rsi,87088.24,87152,86580,86819.53,863.95236,86819.53,86842,86474.34,86722.29,427.2272,86722.3,86800,86380.08,86398.02,548.12799,50,45,20,35,15,60,58,58
"2025-12-01 03:30:00",86448.91,TP,0,0.23,0.8672,SKIP,22.65,-0.7341,3,0.2463,TAKE,TAKE,rsi,86722.3,86800,86380.08,86398.02,548.12799,86398.02,86613.82,86315.79,86381.97,358.5422,86381.97,86448.92,86161.61,86448.92,582.24086,0,0,0,0,15,60,58,58
"2025-12-01 11:00:00",86487.27,TP,0,0.23,0.9317,TAKE,,,,,-,TAKE,ml,86596.12,86665.3,86555.19,86624,81.89304,86624,86700,86605.85,86647.73,90.5269,86647.73,86699.99,86477.76,86487.26,197.69985,0,0,0,0,40,55,58,58
"2025-12-01 11:30:00",86286.67,TP,0,0.23,0.7669,SKIP,,,,,-,SKIP,-,86647.73,86699.99,86477.76,86487.26,197.69985,86487.27,86536.99,86420.76,86464.73,175.99902,86464.73,86490.18,86250,86286.67,173.40774,50,47,0,0,40,55,58,58
"2025-12-01 12:00:00",85883.18,TP,0,0.23,0.8154,SKIP,,,,,-,SKIP,-,86464.73,86490.18,86250,86286.67,173.40774,86286.67,86366,86131.01,86149.15,277.64352,86146.59,86231.52,85811,85883.19,350.95576,115,105,0,37,40,100,58,58
"2025-12-01 12:30:00",85483.99,SL,4,-0.9,0.7889,SKIP,,,,,-,SKIP,-,86146.59,86231.52,85811,85883.19,350.95576,85883.18,86052,85800,85835.3,260.34789,85835.3,85877.99,85400,85484,430.95347,65,67,0,0,40,100,58,58
"2025-12-05 04:00:00",92316.94,TP,0,0.23,0.9091,TAKE,,,,,-,TAKE,ml,92407.81,92426.57,92305,92314.7,114.67213,92314.7,92338.71,91959.92,92142.75,257.80273,92142.75,92356.01,92122.49,92316.93,64.69052,0,7,0,0,15,60,60,60
"2025-12-05 04:30:00",91862.96,TP,17,0.23,0.889,SKIP,20.25,-0.5896,4,-0.1279,TAKE,TAKE,rsi,92142.75,92356.01,92122.49,92316.93,64.69052,92316.94,92386.31,92166,92190.16,76.14711,92190.15,92190.16,91843.44,91862.95,200.2415,105,77,65,52,15,60,60,60
"2025-12-05 09:15:00",91345.56,TP,0,0.23,0.8356,SKIP,8.25,-0.8221,3,-0.3038,SKIP,SKIP,-,92016.56,92153.73,91996.55,92112.04,88.5693,92112.04,92112.04,91837.81,91866.67,101.15445,91866.68,91874.71,91309,91345.57,405.16922,0,44,35,12,45,60,60,60
"2025-12-05 09:45:00",91128.55,TP,12,0.23,0.7048,SKIP,,,,,-,SKIP,-,91866.68,91874.71,91309,91345.57,405.16922,91345.56,91464,90956.25,91050.93,367.66105,91050.94,91158.91,91000.03,91128.56,203.37613,30,30,30,30,45,60,60,60
"2025-12-05 13:15:00",90818.73,TP,0,0.23,0.9104,TAKE,,,,,-,TAKE,ml,91178.18,91264.92,91133.45,91242.4,50.03399,91242.4,91352.56,91073.96,91113.52,157.3364,91113.51,91122.63,90600,90818.73,365.13396,35,14,15,20,45,60,60,60
"2025-12-05 13:45:00",90465.14,TP,1,0.23,0.7838,SKIP,,,,,-,SKIP,-,91113.51,91122.63,90600,90818.73,365.13396,90818.73,90932.3,90303.12,90420.47,553.30463,90420.47,90688.37,90215.51,90465.14,448.75387,70,55,10,7,45,60,60,60
"2025-12-05 22:00:00",88949.32,SL,18,-0.9,0.8193,SKIP,,,,,-,SKIP,-,89419.37,89469.93,89222.31,89251.31,148.64639,89251.31,89297.44,89075.91,89177.68,193.00035,89177.68,89195.06,88901.6,88949.31,215.74213,115,105,115,105,5,5,60,60
"2025-12-06 08:00:00",89543.56,TP,0,0.23,0.9176,TAKE,,,,,-,TAKE,ml,89575.5,89659,89459.19,89637.24,65.92732,89637.25,89720,89567.25,89597.13,68.28048,89597.14,89613.91,89535.84,89543.55,110.3662,28,14,30,30,45,60,60,60
"2025-12-06 08:30:00",89394.17,SL,21,-0.9,0.8002,SKIP,,,,,-,SKIP,-,89597.14,89613.91,89535.84,89543.55,110.3662,89543.56,89647.12,89270.03,89288.38,145.86992,89288.37,89428.96,89217.59,89394.16,111.55322,70,55,10,7,45,60,60,60
"2025-12-06 19:00:00",89487.21,TP,0,0.23,0.9176,TAKE,,,,,-,TAKE,ml,89761.52,89761.53,89640.43,89640.43,47.34519,89640.44,89646.72,89529.9,89646.71,46.7729,89646.7,89744.62,89333.33,89487.2,171.03463,0,0,35,92,40,55,60,60
"2025-12-06 19:30:00",89432.7,TP,12,0.23,0.9606,TAKE,,,,,-,TAKE,ml,89646.7,89744.62,89333.33,89487.2,171.03463,89487.21,89572.56,89380,89554,75.50111,89554.09,89559.73,89077.6,89432.69,413.39272,0,0,0,0,40,55,60,60
"2025-12-06 23:00:00",89171.92,TP,55,0.23,0.9198,TAKE,,,,,-,TAKE,ml,89350,89431.88,89342.96,89342.97,37.47011,89342.96,89358.6,89257.48,89285.94,47.2165,89285.93,89329.38,89001,89171.92,270.53239,90,47,65,67,45,60,60,60
"2025-12-13 14:00:00",90288.43,TP,0,0.23,0.8913,MAYBE,42.48,-0.0582,5,0.2603,SKIP,SKIP,-,90230,90303.5,90194.34,90236.6,66.29068,90236.61,90305.58,90221.64,90245.87,66.97142,90245.88,90331.74,90229.89,90288.43,140.91319,0,0,0,0,45,60,60,60
"2025-12-13 14:30:00",90168.78,TP,25,0.23,0.8631,SKIP,37.77,-0.0678,5,0.1874,SKIP,SKIP,-,90245.88,90331.74,90229.89,90288.43,140.91319,90288.43,90288.43,89961.12,89961.12,269.31319,89961.13,90311.86,89932.99,90168.77,148.12425,10,7,10,7,45,60,60,60
"2025-12-14 05:00:00",90156.54,TP,18,0.23,0.8733,SKIP,28.38,-0.1135,3,0.0246,SKIP,SKIP,-,90302.28,90329.24,90143.87,90164.78,38.497,90164.78,90222,90127.99,90201.5,31.14716,90201.5,90201.5,90111,90156.55,37.35311,0,0,0,0,40,55,85,85
"2025-12-14 10:00:00",89802.55,TP,2,0.23,0.694,SKIP,,,,,-,SKIP,-,90084.36,90113.4,90001.1,90002.18,69.77956,90002.19,90033.64,90002.18,90020.06,48.79118,90020.07,90044.26,89785,89802.55,162.08653,0,0,65,67,40,55,85,85
"2025-12-14 11:00:00",89744.46,TP,0,0.23,0.877,SKIP,27.3,-0.3061,2,-0.0916,TAKE,TAKE,rsi,89989.03,90002.49,89862.05,89922.85,39.11527,89922.86,89922.86,89831.05,89853.69,45.17564,89853.69,89853.7,89500,89744.47,268.19269,90,60,0,0,45,60,85,85
"2025-12-14 11:30:00",88877.65,TP,19,0.23,0.7872,SKIP,,,,,-,SKIP,-,89853.69,89853.7,89500,89744.47,268.19269,89744.46,89779.36,89512.42,89514.85,111.16912,89514.86,89616,88687.27,88877.66,729.54852,0,67,45,105,45,60,85,85
"2025-12-14 16:45:00",88836.99,TP,0,0.23,0.9278,TAKE,,,,,-,TAKE,ml,89025.06,89398.71,88991.06,89261.11,136.75018,89261.12,89335.69,88766,88815.67,129.36805,88815.67,88903.37,88531.34,88836.98,394.11731,30,30,30,30,45,60,85,85
"2025-12-14 20:00:00",88803.07,TP,0,0.23,0.9419,TAKE,,,,,-,TAKE,ml,88711.11,88752,88528.92,88602.5,54.977,88602.5,88658.52,88498.17,88644.88,35.80474,88644.88,88827.71,88356.9,88803.06,321.10925,0,0,0,0,40,90,85,85
"2025-12-14 20:30:00",88658.57,TP,0,0.23,0.9213,TAKE,,,,,-,TAKE,ml,88644.88,88827.71,88356.9,88803.06,321.10925,88803.07,88822.88,88631.11,88658.53,99.32735,88658.53,88723.32,88568.65,88658.56,47.65233,30,30,30,30,40,90,85,85
"2025-12-14 22:00:00",88506.93,TP,0,0.23,0.9259,TAKE,,,,,-,TAKE,ml,88572.25,88604.64,88493.56,88535.89,42.55564,88535.88,88560,88345.94,88443.85,120.2816,88443.85,88605.06,88443.84,88506.92,79.59898,0,7,20,22,45,60,85,85
"2025-12-14 22:30:00",88174.74,TP,0,0.23,0.7802,SKIP,,,,,-,SKIP,-,88443.85,88605.06,88443.84,88506.92,79.59898,88506.93,88509.86,88346.88,88382.68,71.48643,88382.68,88382.69,88017,88174.73,387.0708,65,67,13,12,45,60,85,85
"2025-12-14 23:00:00",88059.16,TP,0,0.23,0.8807,SKIP,27.1,-0.435,3,-0.0995,TAKE,TAKE,rsi,88382.68,88382.69,88017,88174.73,387.0708,88174.74,88450,88131.55,88415.29,76.56351,88415.29,88609.22,87943.03,88059.15,324.15691,0,0,0,0,40,55,85,85
"2025-12-14 23:30:00",88038.45,SL,6,-0.9,0.8935,MAYBE,30.45,-0.3895,4,0.0441,TAKE,TAKE,rsi,88415.29,88609.22,87943.03,88059.15,324.15691,88059.16,88234.86,87927.89,88026.44,134.39254,88026.44,88110,87577.36,88038.44,377.60654,10,10,35,35,40,55,85,85
"2025-12-15 14:00:00",89603.42,TP,0,0.23,0.8983,MAYBE,52.15,-0.1029,5,0.3626,SKIP,SKIP,-,89449.38,89508.93,89274.44,89470.15,140.10126,89470.14,89573.64,89427.84,89432,57.195,89432.01,89647.55,89414.64,89603.42,88.34689,30,30,30,30,40,75,73,73
"2025-12-15 14:30:00",89261.76,TP,0,0.23,0.7583,SKIP,,,,,-,SKIP,-,89432.01,89647.55,89414.64,89603.42,88.34689,89603.42,89712,89334.25,89390.19,111.18775,89390.18,89876.42,89044,89261.77,523.66439,105,47,105,27,40,75,73,73
"2025-12-15 15:00:00",87476.91,TP,0,0.23,0.8681,SKIP,8.15,-2.1861,2,-0.332,SKIP,SKIP,-,89390.18,89876.42,89044,89261.77,523.66439,89261.76,89340.06,87840,88050.01,1064.53742,88050,88184.28,87395.52,87476.92,984.68153,30,24,5,5,40,65,73,73
"2025-12-15 15:30:00",87203.55,TP,0,0.23,0.7223,SKIP,,,,,-,SKIP,-,88050,88184.28,87395.52,87476.92,984.68153,87476.91,87497.85,86674.77,86871.25,1169.92556,86871.24,87203.55,86621.91,87203.55,638.83016,70,55,30,0,40,65,73,73
"2025-12-18 12:00:00",87159.79,SL,2,-0.9,0.7257,SKIP,,,,,-,SKIP,-,87185.99,87271.42,87119.81,87143.76,52.35144,87143.76,87302.88,87143.75,87300.74,52.52466,87300.5,87350,87150,87159.79,64.11199,0,0,0,0,40,55,75,75
"2025-12-18 19:00:00",85649.99,TP,0,0.23,0.8176,SKIP,,,,,-,SKIP,-,86397.43,86641.13,86328,86486.99,150.94633,86486.98,86544,85720,85970,707.30449,85970,86010,85490,85650,774.07212,30,32,35,5,30,65,75,75
"2025-12-18 19:30:00",84692.65,TP,0,0.23,0.7416,SKIP,,,,,-,SKIP,-,85970,86010,85490,85650,774.07212,85649.99,85726.66,85234.9,85656.56,1562.83799,85656.57,85820.18,84668,84692.65,1132.26008,0,0,0,0,30,65,75,75
"2025-12-23 02:45:00",88206.8,TP,6,0.23,0.772,SKIP,,,,,-,SKIP,-,88571.95,88755.24,88557.2,88700.01,90.21788,88700.01,88749,88270,88270.01,116.7587,88270.01,88312.41,88091.21,88206.8,199.01676,90,77,45,92,40,75,48,48
"2025-12-28 18:00:00",87681.85,TP,6,0.23,0.8198,SKIP,,,,,-,SKIP,-,87892.68,87892.69,87819.02,87819.02,23.77747,87819.02,87826.63,87760,87760,27.44833,87760.01,87768.79,87618.86,87681.85,99.26109,90,77,105,92,40,55,0,0
"2026-01-07 00:45:00",92709.36,TP,0,0.23,0.6319,SKIP,,,,,-,SKIP,-,93564.09,93564.1,93338,93350.03,162.3867,93350.03,93371.87,93085.69,93187.76,237.37667,93187.75,93187.75,92626.31,92709.52,313.31318,115,92,115,105,0,0,60,60
"2026-01-07 03:45:00",92815.83,TP,6,0.23,0.7843,SKIP,,,,,-,SKIP,-,92962.01,93108.69,92944.24,93002.08,59.0694,93002.07,93021.4,92747.12,92858.25,83.22287,92858.26,92874.82,92766.55,92815.83,93.57306,115,105,105,95,0,0,60,60
"2026-01-07 09:00:00",92286.8,TP,0,0.23,0.8165,SKIP,,,,,-,SKIP,-,92860.05,92940.02,92751.12,92768.6,53.71533,92768.61,92795.13,92698.09,92718.9,81.5164,92718.9,92718.91,92286.8,92286.81,225.2336,105,92,0,0,45,60,60,60
"2026-01-07 09:30:00",91745.23,TP,17,0.23,0.8561,SKIP,4.37,-1.2005,4,-0.25,SKIP,SKIP,-,92718.9,92718.91,92286.8,92286.81,225.2336,92286.8,92353.3,91891.89,91956.96,448.84159,91956.97,92000,91669.97,91745.22,389.78898,50,44,0,92,45,60,60,60
"2026-01-07 18:00:00",91267.4,TP,1,0.23,0.9091,TAKE,,,,,-,TAKE,ml,91606.43,91698.15,91480.66,91604.2,93.99098,91604.21,91647.52,91210.01,91252.14,123.15245,91252.13,91336.63,91172.01,91267.4,115.91203,70,55,70,55,40,55,60,60
"2026-01-07 18:45:00",90901.38,TP,0,0.23,0.8837,SKIP,33.84,-0.7672,3,-0.0533,TAKE,TAKE,rsi,91267.4,91332.88,91066.4,91289.87,110.10624,91289.87,91441.35,91159.99,91159.99,167.96079,91159.99,91230.38,90733.14,90901.39,422.18813,105,47,0,0,40,55,60,60
"2026-01-08 03:00:00",91072.32,TP,0,0.23,0.899,MAYBE,26.17,-0.3895,6,0.2545,TAKE,TAKE,rsi,91222.24,91222.24,90865.34,90893.62,204.6794,90893.61,91006.18,90764,90956.49,169.26559,90956.5,91142.51,90912,91072.33,132.00675,0,0,0,0,15,60,85,85
"2026-01-08 03:30:00",90808.86,TP,8,0.23,0.7767,SKIP,,,,,-,SKIP,-,90956.5,91142.51,90912,91072.33,132.00675,91072.32,91109.35,90939.86,90949.88,67.1863,90949.88,91047.24,90740.77,90808.86,160.43395,65,67,35,37,15,60,85,85
"2026-01-08 06:00:00",90516.54,TP,0,0.23,0.7326,SKIP,,,,,-,SKIP,-,91008.7,91079.8,90877.67,90894.56,112.0757,90894.56,90923.65,90786.14,90829.58,54.17345,90829.58,90872,90413,90516.54,366.12401,65,67,105,62,40,75,85,85
"2026-01-08 06:30:00",90376.94,TP,0,0.23,0.7085,SKIP,,,,,-,SKIP,-,90829.58,90872,90413,90516.54,366.12401,90516.54,90516.54,90200,90276.86,351.82001,90276.86,90419.98,90219.69,90376.95,181.20324,30,30,10,7,40,75,85,85
"2026-01-08 12:00:00",89884.59,TP,7,0.23,0.7212,SKIP,,,,,-,SKIP,-,90218.61,90267.58,90059,90084.07,205.39327,90084.06,90282.06,90022.26,90226.77,111.01372,90226.77,90240.85,89813.23,89884.59,264.94631,0,0,0,0,40,75,85,85
"2026-01-10 04:00:00",90533.42,TP,170,0.23,0.8843,SKIP,29.42,-0.1805,5,0.0347,SKIP,SKIP,-,90631.56,90652.45,90594,90594,39.83057,90594,90649.51,90580.61,90626.14,26.18616,90626.15,90649.99,90519.99,90533.43,40.98521,0,0,0,0,45,55,60,60
"2026-01-16 04:00:00",95434.93,TP,0,0.23,0.8793,SKIP,29.27,-0.0727,5,0.1928,SKIP,SKIP,-,95505.01,95505.01,95400,95453.24,70.64766,95453.24,95453.24,95321.58,95354.69,57.74659,95354.69,95442.61,95343.01,95434.93,68.21285,30,30,30,30,45,60,60,60
"2026-01-16 04:30:00",95232.6,TP,41,0.23,0.8094,SKIP,,,,,-,SKIP,-,95354.69,95442.61,95343.01,95434.93,68.21285,95434.93,95582.41,95400.02,95400.03,97.55175,95400.03,95450.41,95183.32,95232.6,243.00189,45,47,35,7,45,60,60,60
"2026-01-16 15:15:00",94721.9,TP,0,0.23,0.748,SKIP,,,,,-,SKIP,-,95232.6,95490,95192.35,95192.36,174.55763,95192.36,95663.15,95062,95574.91,314.16591,95574.91,95594,94700.01,94721.91,586.11934,0,0,0,0,40,100,60,60
"2026-01-16 15:45:00",94585.99,SL,18,-0.9,0.7817,SKIP,,,,,-,SKIP,-,95574.91,95594,94700.01,94721.91,586.11934,94721.9,94825.7,94400,94535.16,541.2733,94535.16,94679.6,94293.46,94585.98,380.10636,30,30,15,5,40,100,60,60
"2026-01-17 02:00:00",95284.55,TP,21,0.23,0.8075,SKIP,,,,,-,SKIP,-,95472.73,95493.25,95398.23,95402.75,25.64089,95402.74,95427.66,95384.86,95399.93,23.07128,95399.94,95412.86,95283.99,95284.56,58.52414,20,22,0,0,40,55,60,60
"2026-01-17 07:45:00",95101.67,TP,67,0.23,0.7891,SKIP,,,,,-,SKIP,-,95125.18,95184.05,95120.39,95176.61,21.09598,95176.61,95183.27,95142.24,95142.24,38.33407,95142.24,95142.25,95041.7,95101.67,68.24068,30,32,0,0,40,55,60,60
"2026-01-18 01:00:00",94950.03,TP,87,0.23,0.851,SKIP,22.3,-0.2078,5,-0.1299,SKIP,SKIP,-,95199.67,95227.6,95136.65,95140.68,24.08817,95140.68,95140.68,95067.83,95112.47,29.11772,95112.48,95112.48,94876.33,94950.04,125.68185,45,47,90,77,40,55,85,85
"2026-01-19 00:00:00",92448.61,SL,33,-0.9,0.875,SKIP,1.06,-3.1938,4,-0.3775,SKIP,SKIP,-,94607.17,94822.79,94444,94485.69,335.07666,94485.69,94485.7,93615.4,93673.14,982.77162,93673.14,93673.14,91910.2,92448.61,2410.98163,0,12,0,44,40,65,73,73
"2026-01-19 22:00:00",92848.17,TP,1,0.23,0.9298,TAKE,,,,,-,TAKE,ml,93040,93071.51,93007.4,93053.89,31.47906,93053.9,93053.9,93002.85,93003.42,48.9035,93003.41,93037.28,92700,92850.19,114.18803,105,92,65,35,45,60,73,73
"2026-01-19 22:45:00",92565.78,TP,0,0.23,0.8512,SKIP,17.83,-0.5245,3,-0.31,SKIP,SKIP,-,92848.17,93060,92848.17,92983.85,74.09386,92983.84,92983.85,92787.43,92819.61,87.77626,92819.61,92841.81,92565.78,92565.78,97.95112,115,105,65,52,45,60,73,73
"2026-01-20 02:00:00",92480.8,TP,4,0.23,0.763,SKIP,,,,,-,SKIP,-,92857.17,92857.17,92671.54,92707.19,53.67354,92707.19,92836.28,92693.87,92716.48,61.54894,92716.47,92729.94,92450,92480.8,93.81248,0,0,0,0,40,55,73,73
"2026-01-20 05:00:00",91412.06,TP,3,0.23,0.7664,SKIP,,,,,-,SKIP,-,92311.77,92415.6,92213.26,92230,55.8481,92230.01,92266.16,92000.01,92062.61,132.33828,92062.62,92084.8,91357.28,91412.07,772.23427,0,44,0,44,40,90,73,73
"2026-01-20 06:15:00",91275.9,TP,0,0.23,0.7385,SKIP,,,,,-,SKIP,-,91640.29,91805.04,91620.08,91624.18,235.01673,91624.19,91625.31,91454.38,91457.4,171.49261,91457.4,91505.03,90858.52,91275.91,978.84575,35,35,0,35,35,55,73,73
"2026-01-20 06:45:00",90929.98,TP,5,0.23,0.7463,SKIP,,,,,-,SKIP,-,91457.4,91505.03,90858.52,91275.91,978.84575,91275.9,91280.64,90828.11,91127.82,292.07261,91127.81,91139.66,90771.78,90929.98,388.47484,40,2,30,-28,35,55,73,73
"2026-01-20 14:00:00",91096.48,TP,0,0.23,0.9068,TAKE,,,,,-,TAKE,ml,90881.45,91110.44,90777,91024.79,214.99332,91024.8,91066.15,90926.85,90958.88,141.96683,90958.89,91142.14,90958.88,91096.48,152.19005,30,30,30,30,40,100,73,73
"2026-01-20 14:30:00",91066.15,TP,0,0.23,0.9258,TAKE,,,,,-,TAKE,ml,90958.89,91142.14,90958.88,91096.48,152.19005,91096.48,91096.48,90727.93,90990.11,218.67416,90990.1,91371.11,90676.61,91066.14,435.53815,70,55,0,0,40,100,73,73
"2026-01-20 17:00:00",90456.08,TP,0,0.23,0.9009,TAKE,,,,,-,TAKE,ml,90624.58,90642.1,90096.3,90128.04,279.64186,90128.03,90252.08,90023.99,90165.51,203.23793,90165.5,90499.67,90064.25,90456.09,250.04488,0,0,0,0,40,75,73,73
"2026-01-20 17:30:00",89688.01,TP,2,0.23,0.7611,SKIP,,,,,-,SKIP,-,90165.5,90499.67,90064.25,90456.09,250.04488,90456.08,90505.68,90193.11,90207.17,153.32667,90207.17,90207.18,89688,89688.01,626.45854,0,67,20,35,40,75,73,73
"2026-01-20 18:45:00",89501,TP,1,0.23,0.7216,SKIP,,,,,-,SKIP,-,89908.02,89958,89651.38,89733.13,204.13365,89733.12,89756.43,89450,89512.65,275.42793,89512.65,89629.67,89395.07,89501,212.27499,105,95,105,95,35,50,73,73
"2026-01-20 22:00:00",89635.12,TP,0,0.23,0.9204,TAKE,,,,,-,TAKE,ml,89626.96,89626.96,89472.54,89538.9,127.76359,89538.9,89584.83,89428,89476.01,73.50988,89476.01,89635.12,89451.5,89635.11,101.21608,30,30,10,10,40,75,73,73
"2026-01-20 22:30:00",88579.03,TP,0,0.23,0.8928,MAYBE,14.19,-1.1692,4,-0.4363,SKIP,SKIP,-,89476.01,89635.12,89451.5,89635.11,101.21608,89635.12,89645.56,89472.54,89510.67,66.40986,89510.67,89527.32,87900,88579.02,1593.44889,35,35,15,12,40,75,73,73
"2026-01-25 03:00:00",89145.6,TP,0,0.23,0.7774,SKIP,,,,,-,SKIP,-,89140.08,89198.31,89140.08,89145.41,31.50483,89145.4,89173.96,89139.04,89139.04,38.45297,89139.04,89176.72,89131.23,89145.61,34.81101,0,0,20,22,40,55,85,85
"2026-01-25 03:30:00",88928.47,TP,8,0.23,0.7368,SKIP,,,,,-,SKIP,-,89139.04,89176.72,89131.23,89145.61,34.81101,89145.6,89145.61,88990,89035.32,112.79151,89035.32,89035.32,88841.26,88928.47,246.56477,20,29,20,29,40,55,85,85
"2026-01-25 06:00:00",88710.28,TP,8,0.23,0.6486,SKIP,,,,,-,SKIP,-,88990.01,88990.01,88870.45,88892.46,69.29886,88892.45,88999.52,88892.45,88990.9,32.93688,88990.89,88990.9,88699.98,88710.28,284.03833,0,0,0,0,40,55,85,85
"2026-01-25 08:30:00",88317.03,TP,28,0.23,0.8766,SKIP,15.9,-0.5279,4,-0.2424,SKIP,SKIP,-,88659.99,88760,88635.85,88725.16,40.45297,88725.17,88725.17,88682.54,88682.54,43.46953,88682.54,88682.55,88178.13,88317.02,265.45587,43,44,35,35,45,60,85,85
"2026-01-25 16:00:00",87904.72,TP,6,0.23,0.8027,SKIP,,,,,-,SKIP,-,88742.63,88742.64,88661.35,88682.81,42.08663,88682.8,88682.81,88340.75,88446.5,154.93022,88446.51,88448.85,87878,87904.72,663.46867,0,44,0,44,40,100,85,85
"2026-01-25 18:00:00",87700.58,TP,0,0.23,0.9085,TAKE,,,,,-,TAKE,ml,87888.59,87998.35,87772.24,87998.35,105.25311,87998.34,87998.35,87826.17,87892.17,87.3594,87892.16,87983.29,87507,87700.58,262.32796,65,22,35,35,40,75,85,85
"2026-01-25 18:30:00",87079.93,TP,1,0.23,0.8317,SKIP,10.67,-0.9201,4,-0.0637,SKIP,SKIP,-,87892.16,87983.29,87507,87700.58,262.32796,87700.58,87894,87407.99,87528.53,382.22908,87528.53,87596.06,86827.1,87079.93,934.77917,0,60,0,35,40,75,85,85
"2026-01-28 15:00:00",89100,SL,8,-0.9,0.8004,SKIP,,,,,-,SKIP,-,90010.85,90147.45,89640.01,89710.71,379.56688,89710.71,89774.69,89460.01,89617.27,294.29576,89617.27,89849.75,89090,89101.77,314.04408,75,80,115,105,35,55,0,0
"2026-01-30 06:00:00",82792.91,TP,0,0.23,0.7472,SKIP,,,,,-,SKIP,-,83259.54,83311.65,83107.41,83108.37,198.41513,83108.36,83145,82910,82914.19,250.96048,82914.2,82919.21,82764.95,82792.9,405.63535,105,92,105,92,40,55,58,58
"2026-01-30 06:30:00",82161.57,SL,0,-0.9,0.7009,SKIP,,,,,-,SKIP,-,82914.2,82919.21,82764.95,82792.9,405.63535,82792.91,82798.23,82376.47,82410.54,281.30467,82410.53,82494.5,82161.12,82161.57,265.61011,70,67,70,67,40,55,58,58
"2026-01-30 13:00:00",82755.2,TP,0,0.23,0.9207,TAKE,,,,,-,TAKE,ml,82747.15,82877,82675.8,82745.2,126.37135,82745.2,82928.2,82709.96,82800.5,184.75383,82800.49,82859.92,82552,82755.2,154.52396,0,0,60,60,35,70,58,58
"2026-01-30 13:30:00",82930.28,TP,0,0.23,0.9443,TAKE,,,,,-,TAKE,ml,82800.49,82859.92,82552,82755.2,154.52396,82755.2,82812.19,82653.84,82714,94.09681,82714,83087.34,82421.64,82930.28,367.60276,30,30,30,30,35,70,58,58
"2026-01-31 01:00:00",84215.79,TP,0,0.23,0.8799,SKIP,63.01,-0.053,6,0.7109,SKIP,SKIP,-,84173.76,84270.02,84120.5,84245.13,64.20219,84245.14,84245.14,84014.01,84067.83,121.97348,84067.83,84266.22,84067.82,84215.79,86.57998,0,7,30,30,45,65,65,65
"2026-01-31 01:30:00",84048.11,TP,1,0.23,0.8003,SKIP,,,,,-,SKIP,-,84067.83,84266.22,84067.82,84215.79,86.57998,84215.79,84246.73,84131.91,84132.26,121.58517,84132.25,84132.26,83908,84048.11,174.02582,90,77,43,29,45,65,65,65
"2026-01-31 07:00:00",83749.53,TP,0,0.23,0.9219,TAKE,,,,,-,TAKE,ml,83670.65,83777.5,83670.64,83774.72,68.55228,83774.71,83848.39,83688.1,83786.09,70.3189,83786.09,83805.02,83693.67,83749.53,74.05923,0,0,0,0,35,90,65,65
"2026-01-31 07:30:00",83482.07,TP,0,0.23,0.8324,SKIP,15.42,-0.2254,3,-0.1307,SKIP,SKIP,-,83786.09,83805.02,83693.67,83749.53,74.05923,83749.53,83779.98,83683.25,83700.16,48.90641,83700.16,83720.01,83404.67,83482.07,289.77437,65,67,0,92,35,90,65,65
"2026-01-31 08:00:00",83351.72,TP,0,0.23,0.8809,SKIP,26.52,-0.5184,3,-0.0814,TAKE,TAKE,rsi,83700.16,83720.01,83404.67,83482.07,289.77437,83482.07,83573.19,83482.06,83546.81,65.97889,83546.82,83629.08,83182.75,83351.72,193.03093,0,0,0,0,40,90,65,65
"2026-01-31 08:30:00",82789.99,TP,18,0.23,0.8056,SKIP,,,,,-,SKIP,-,83546.82,83629.08,83182.75,83351.72,193.03093,83351.72,83357.75,83054.36,83097.99,206.88474,83097.99,83110.52,82560.75,82789.98,481.06438,43,12,15,5,40,90,65,65
"2026-01-31 16:00:00",80992.48,TP,1,0.23,0.9322,TAKE,,,,,-,TAKE,ml,81315.28,81379.04,81169.37,81343.35,270.43189,81343.34,81522.83,81235.8,81302.15,270.73155,81302.16,81444.26,80701.66,80992.49,557.92493,13,12,35,35,40,75,65,65
"2026-01-31 16:45:00",80365.05,TP,0,0.23,0.8905,MAYBE,15.27,-1.2027,4,0.0498,SKIP,SKIP,-,80992.48,82200,80500,81113.08,1742.45537,81113.09,81279.96,80924.04,80980.76,517.88799,80980.76,81039.3,80098.01,80365.04,2295.29589,0,35,0,35,40,75,65,65
"2026-01-31 17:15:00",79120.1,TP,0,0.23,0.7815,SKIP,,,,,-,SKIP,-,80980.76,81039.3,80098.01,80365.04,2295.29589,80365.05,80550.74,78159.9,78846.77,4129.31419,78852.22,79426.64,78637.54,79120.1,1082.94586,0,0,0,0,45,65,65,65
"2026-01-31 17:45:00",78893.92,TP,0,0.23,0.9533,TAKE,,,,,-,TAKE,ml,78852.22,79426.64,78637.54,79120.1,1082.94586,79120.1,79293.3,78506.66,78907.28,764.24861,78907.28,79107.33,78654,78893.92,692.75966,0,5,-5,5,45,65,65,65
"2026-02-11 23:15:00",67016.62,SL,3,-0.9,0.7776,SKIP,,,,,-,SKIP,-,67647.56,67713.9,67408.91,67433.14,104.89433,67433.54,67563.77,67239.35,67330.55,134.27252,67330.55,67399.94,66901.45,67016.62,310.43753,105,92,115,105,45,65,50,50
"2026-02-18 01:00:00",67100.79,TP,0,0.23,0.8388,SKIP,27.19,-0.5966,2,-0.1688,SKIP,SKIP,-,67495.79,67610.37,67460,67460,35.64663,67460.01,67460.01,67290.3,67302.65,83.63625,67302.65,67378.26,67055.97,67100.78,171.94959,35,44,55,57,40,75,60,60
"2026-02-18 01:30:00",67176.07,SL,11,-0.9,0.8982,MAYBE,29.96,-0.4737,3,0.1014,TAKE,TAKE,rsi,67302.65,67378.26,67055.97,67100.78,171.94959,67100.79,67233.15,67045.99,67053.18,79.42036,67053.19,67189.45,66892.03,67176.07,181.78198,30,30,0,0,40,75,60,60
"2026-02-18 11:00:00",67389.88,TP,8,0.23,0.9078,TAKE,,,,,-,TAKE,ml,68041.91,68041.91,67731.95,67780.22,127.54938,67780.22,67852.32,67762.37,67801.26,86.30229,67801.26,67805.08,67076.9,67389.89,375.52636,0,0,0,35,40,90,60,60
"2026-02-18 14:00:00",67280.24,TP,0,0.23,0.9333,TAKE,,,,,-,TAKE,ml,67480.19,67490.64,67224.36,67287.84,199.16467,67287.84,67316.38,67051.81,67236.88,206.48563,67236.89,67362.26,67219.4,67280.25,232.30092,8,7,0,0,40,90,60,60
"2026-02-18 14:30:00",67144.67,SL,2,-0.9,0.7036,SKIP,,,,,-,SKIP,-,67236.89,67362.26,67219.4,67280.25,232.30092,67280.24,67298.01,67063.04,67086.01,170.56118,67086,67329.9,67000,67144.67,461.24306,30,30,8,7,40,90,60,60
"2026-02-18 19:00:00",66371.89,TP,0,0.23,0.8599,SKIP,11.91,-1.2138,4,0.0418,SKIP,SKIP,-,66882.41,66939.9,66307.6,66342.3,527.23837,66342.31,66544.68,66200,66359.99,386.12539,66360,66619,66310.78,66371.9,249.04616,0,0,0,0,15,60,60,60
"2026-02-18 19:30:00",66163.2,SL,20,-0.9,0.9249,TAKE,,,,,-,TAKE,ml,66360,66619,66310.78,66371.9,249.04616,66371.89,66478.58,66115.57,66274.49,260.77517,66274.31,66307.79,65870,66163.2,551.08608,13,12,75,5,15,60,60,60
"2026-02-21 20:45:00",68211.19,TP,5,0.23,0.8226,SKIP,,,,,-,SKIP,-,68489.18,68605.63,68488.99,68565.05,82.99499,68565.05,68571.03,68322.68,68385.3,109.22839,68385.29,68417.65,68190,68211.19,122.78314,115,105,35,92,40,55,0,0
"2026-02-22 06:45:00",68038.14,TP,22,0.23,0.857,SKIP,70.96,0.1443,4,0.5867,SKIP,SKIP,-,68046.27,68178.79,68020.28,68116.5,117.21205,68116.5,68174.41,68056.24,68058.61,61.8161,68058.62,68087.31,68038.13,68038.13,69.097,75,80,105,95,0,0,60,60
"2026-02-22 13:00:00",67988.56,TP,0,0.23,0.8126,SKIP,,,,,-,SKIP,-,68077.15,68077.16,67892.4,67892.4,123.08558,67892.41,67980,67871.59,67928.22,69.26144,67928.23,68013.5,67928.23,67988.56,54.84757,0,0,0,0,40,100,60,60
"2026-02-22 13:30:00",67633.62,TP,0,0.23,0.8697,SKIP,17.73,-0.6515,5,-0.2594,SKIP,SKIP,-,67928.23,68013.5,67928.23,67988.56,54.84757,67988.56,68040.8,67923.78,67930.51,51.78669,67930.52,67973.85,67571.08,67633.61,372.69979,65,67,0,44,40,100,60,60
"2026-02-22 14:00:00",67650.32,TP,0,0.23,0.9604,TAKE,,,,,-,TAKE,ml,67930.52,67973.85,67571.08,67633.61,372.69979,67633.62,67712.33,67593.38,67652.38,200.26063,67652.38,67671.28,67468.24,67650.31,174.33408,0,0,0,0,45,90,60,60
"2026-02-22 14:30:00",67440.01,TP,10,0.23,0.9443,TAKE,,,,,-,TAKE,ml,67652.38,67671.28,67468.24,67650.31,174.33408,67650.32,67680,67573.48,67626.45,86.24391,67626.45,67682.47,67398.23,67440,200.96313,45,32,35,32,45,90,60,60
"2026-02-22 17:30:00",67260.75,TP,27,0.23,0.7928,SKIP,,,,,-,SKIP,-,67632.76,67635.22,67530.67,67571.29,78.72571,67571.3,67576.04,67496.26,67496.27,71.03417,67496.26,67538.85,67190,67260.75,409.26274,65,67,35,7,40,55,60,60
"2026-02-23 00:45:00",66740.47,TP,0,0.23,0.7392,SKIP,,,,,-,SKIP,-,67627.55,67630.49,67400,67474.01,126.51792,67474,67474,67168.33,67180.25,159.80232,67180.24,67180.25,66715.01,66740.47,412.19843,0,92,0,44,40,55,85,85
"2026-02-23 14:00:00",66243.4,TP,0,0.23,0.9183,TAKE,,,,,-,TAKE,ml,66226.65,66430.52,66142.07,66353.16,201.90328,66353.15,66370.06,66103.35,66132.66,175.2015,66132.65,66264.95,66121.08,66243.4,124.04916,30,30,30,30,45,65,85,85
"2026-02-23 14:30:00",65832.42,TP,3,0.23,0.8671,SKIP,26.04,-0.5953,4,-0.2711,SKIP,SKIP,-,66132.65,66264.95,66121.08,66243.4,124.04916,66243.4,66252.37,66049.54,66086.27,106.45952,66086.26,66224.59,65529.73,65832.41,447.27685,35,35,0,60,45,65,85,85
"2026-02-23 15:45:00",65660.1,TP,0,0.23,0.7612,SKIP,,,,,-,SKIP,-,65958.26,66250,65750,65806.54,382.87293,65806.54,65936,65709.62,65794.14,251.24037,65794.14,65919.29,65579.53,65660.1,341.92533,45,37,0,0,45,80,85,85
"2026-02-23 16:15:00",65633.13,TP,0,0.23,0.8333,SKIP,42.13,-0.4929,4,0.1586,TAKE,TAKE,rsi,65794.14,65919.29,65579.53,65660.1,341.92533,65660.1,65689.99,65178.83,65225.99,525.57343,65226,65672.26,65225.99,65633.14,434.65572,70,55,10,7,35,90,85,85
"2026-02-23 16:45:00",65364.66,TP,0,0.23,0.9508,TAKE,,,,,-,TAKE,ml,65226,65672.26,65225.99,65633.14,434.65572,65633.13,65724.28,65450.33,65572.57,287.35217,65572.56,65603.17,65301.89,65364.65,254.88251,30,27,50,52,35,90,85,85
"2026-02-23 19:00:00",64698,TP,0,0.23,0.8237,SKIP,,,,,-,SKIP,-,64818.84,65194.51,64735,64891.99,252.57111,64891.99,64891.99,64586,64635.49,238.97959,64635.49,64855.18,64603.34,64698,151.66805,30,30,30,30,30,65,85,85
"2026-02-23 19:30:00",64213.24,TP,0,0.23,0.7795,SKIP,,,,,-,SKIP,-,64635.49,64855.18,64603.34,64698,151.66805,64698,64709.07,64354.27,64463.84,332.77485,64463.84,64545.55,64048.71,64213.24,1357.73344,45,14,70,55,30,65,85,85
"2026-03-07 04:00:00",67952.25,TP,8,0.23,0.8999,MAYBE,42.03,-0.582,3,-0.1134,TAKE,TAKE,rsi,68233.8,68269.76,68175.27,68175.27,82.61843,68175.28,68217.55,68095.5,68095.5,123.15469,68095.5,68115.18,67817,67952.25,323.72139,105,62,35,35,90,100,60,60
"2026-03-08 12:00:00",67053.16,TP,3,0.23,0.7937,SKIP,,,,,-,SKIP,-,67679.48,67810.55,67411.76,67499.46,165.63041,67499.46,67566.49,67435.65,67515,102.34849,67515,67650.94,67000,67053.16,449.45898,0,0,0,0,40,75,85,85
"2026-03-08 13:15:00",67163.88,TP,11,0.23,0.8534,SKIP,38.83,0.1651,4,0.146,SKIP,SKIP,-,67412.21,67418,67295,67324.72,73.72901,67324.71,67431.81,66950,66974.1,204.10917,66974.09,67199.54,66813.92,67163.88,1027.3679,10,7,10,7,40,100,85,85
"2026-03-08 22:00:00",66077.99,TP,0,0.23,0.8811,SKIP,27.08,-1.7264,3,-0.3553,SKIP,SKIP,-,66936.42,67028.45,66894.69,67022.99,244.66852,67022.98,67047.71,66921.99,67020.01,223.23042,67020.01,67020.01,65684.77,66078,1624.98267,0,5,15,15,40,75,85,85
"2026-03-08 22:30:00",66045.09,TP,5,0.23,0.7946,SKIP,,,,,-,SKIP,-,67020.01,67020.01,65684.77,66078,1624.98267,66077.99,66180.57,65618.49,65915.08,567.3988,65915.09,66282.87,65728.7,66045.09,360.02452,0,0,0,0,40,75,85,85
"2026-03-18 00:00:00",73989.16,TP,0,0.23,0.856,SKIP,27.75,-0.4278,3,0.0819,TAKE,TAKE,rsi,74196.94,74196.94,73930.53,73945.1,149.05467,73945.41,74059.58,73871.74,73909.36,148.17656,73909.37,74063.22,73828,73989.17,131.08789,30,30,8,7,45,65,60,60
"2026-03-18 00:30:00",73721.11,SL,6,-0.9,0.9253,TAKE,,,,,-,TAKE,ml,73909.37,74063.22,73828,73989.17,131.08789,73989.16,74012.91,73668.63,73782.2,162.18396,73782.19,73803.17,73535.36,73721.1,172.42786,95,85,10,7,45,65,60,60
"2026-03-18 05:00:00",74285.29,TP,0,0.23,0.9403,TAKE,,,,,-,TAKE,ml,74253.79,74253.79,74178.53,74236.31,111.01263,74236.31,74262.2,74137.02,74175.49,186.59632,74175.48,74312.11,74161.77,74285.28,200.87449,70,55,30,30,40,75,60,60
"2026-03-18 05:30:00",74000,TP,5,0.23,0.7327,SKIP,,,,,-,SKIP,-,74175.48,74312.11,74161.77,74285.28,200.87449,74285.29,74285.29,74050,74066.32,79.11022,74066.31,74150,74000,74000.01,127.0153,50,52,75,80,40,75,60,60
"2026-03-18 11:00:00",73955.76,TP,0,0.23,0.9544,TAKE,,,,,-,TAKE,ml,74185.62,74211.06,73870.49,73882.83,160.3978,73882.82,73953.32,73816.26,73946.35,172.0636,73946.35,74074.84,73722.09,73955.76,145.06071,0,0,30,30,40,100,60,60
"2026-03-18 11:30:00",73113.07,TP,0,0.23,0.8464,SKIP,11.03,-1.4458,4,-0.3263,SKIP,SKIP,-,73946.35,74074.84,73722.09,73955.76,145.06071,73955.76,74017.06,73577.32,73602.91,218.3905,73602.91,73605.87,72800,73113.08,1199.87176,0,60,0,60,40,100,60,60
"2026-03-18 14:00:00",71876.57,TP,0,0.23,0.9224,TAKE,,,,,-,TAKE,ml,72474.6,72556.81,72222,72324.52,323.12925,72324.53,72374.09,71980,72133.49,573.58615,72133.48,72222.45,71860.97,71876.56,422.1488,15,75,50,55,40,75,60,60
"2026-03-18 14:30:00",71493.44,TP,0,0.23,0.7248,SKIP,,,,,-,SKIP,-,72133.48,72222.45,71860.97,71876.56,422.1488,71876.57,72025.25,71620,71652.21,545.57737,71652.21,71854.77,71481.44,71493.45,627.71097,115,105,115,105,40,75,60,60
"2026-03-19 12:00:00",69799.82,TP,0,0.23,0.8736,SKIP,9.5,-0.4761,3,0.0518,SKIP,SKIP,-,70204.14,70244.69,70000.01,70023.5,182.4311,70023.5,70063.6,69909.09,69952.75,195.03146,69952.75,69952.76,69618.61,69799.83,451.92662,43,14,45,15,40,75,60,60
"2026-03-19 12:30:00",69644.93,TP,0,0.23,0.769,SKIP,,,,,-,SKIP,-,69952.75,69952.76,69618.61,69799.83,451.92662,69799.82,69814.97,69555.56,69609.19,267.09285,69609.19,69759.44,69545.45,69644.94,218.59237,30,30,45,42,40,75,60,60
"2026-03-19 22:00:00",70439.76,TP,0,0.23,0.9292,TAKE,,,,,-,TAKE,ml,70550.47,70586.97,70437.84,70458.05,110.81171,70458.05,70540.34,70371.19,70413.47,95.66481,70413.46,70501.89,70304,70439.75,132.66908,30,30,0,0,45,55,60,60
"2026-03-19 22:30:00",70066.77,TP,2,0.23,0.8178,SKIP,,,,,-,SKIP,-,70413.46,70501.89,70304,70439.75,132.66908,70439.76,70442.54,70356.78,70373.18,102.52718,70373.18,70373.18,69954.05,70066.78,203.66534,65,52,0,15,45,55,60,60
"2026-03-19 23:30:00",69845.66,SL,6,-0.9,0.6638,SKIP,,,,,-,SKIP,-,70184,70282.47,70174.81,70191.79,103.19331,70191.79,70191.79,69964.96,70145.48,118.9008,70145.48,70183.68,69718.23,69845.66,228.71197,105,42,43,-21,35,80,60,60
"2026-03-22 08:00:00",68990.66,TP,0,0.23,0.9095,TAKE,,,,,-,TAKE,ml,69181.63,69181.74,68926.19,68951.59,126.61333,68951.6,69088,68892.93,68919.38,95.94708,68919.37,68990.67,68720.06,68990.67,238.58408,30,30,20,35,40,90,85,85
"2026-03-22 08:30:00",68738.55,TP,8,0.23,0.9106,TAKE,,,,,-,TAKE,ml,68919.37,68990.67,68720.06,68990.67,238.58408,68990.66,68990.67,68560.27,68624.01,451.78372,68624,68787.84,68523.96,68738.56,296.15755,10,7,70,55,40,90,85,85
"2026-03-22 11:00:00",68658.58,TP,0,0.23,0.8806,SKIP,51.13,-0.2435,6,0.2396,SKIP,SKIP,-,68731.27,68774.2,68585.91,68620.11,87.03501,68620.11,68687.19,68584.27,68648.17,80.59018,68648.16,68691.03,68568.5,68658.59,53.68455,0,0,0,0,40,75,85,85
"2026-03-22 11:30:00",68405,TP,0,0.23,0.8585,SKIP,7.72,-0.4747,4,0.0475,SKIP,SKIP,-,68648.16,68691.03,68568.5,68658.59,53.68455,68658.58,68682.36,68381.51,68419.89,221.98126,68419.9,68518.22,68287,68405,182.86393,50,44,45,12,40,75,85,85
"2026-03-22 18:00:00",68720.91,TP,0,0.23,0.81,SKIP,,,,,-,SKIP,-,68810.33,68824.99,68665.34,68671.02,94.05778,68671.02,68741.16,68671.01,68673.02,61.16858,68672.85,68720.92,68587.69,68720.91,54.00703,0,0,0,0,50,60,85,85
"2026-03-22 18:30:00",68470.01,TP,0,0.23,0.8921,MAYBE,14.46,-0.4946,5,-0.2504,SKIP,SKIP,-,68672.85,68720.92,68587.69,68720.91,54.00703,68720.91,68730.91,68662.77,68694.05,39.73435,68694.04,68743.18,68344.57,68470.01,190.55816,45,2,0,35,50,60,85,85
"2026-03-22 19:00:00",68332.15,TP,1,0.23,0.7699,SKIP,,,,,-,SKIP,-,68694.04,68743.18,68344.57,68470.01,190.55816,68470.01,68619.51,68438.31,68618.58,55.71764,68618.57,68626.07,68281.37,68332.16,150.07873,0,0,0,0,40,55,85,85
"2026-03-22 19:45:00",68199.93,TP,3,0.23,0.6487,SKIP,,,,,-,SKIP,-,68332.15,68398.75,68275,68287.44,91.52015,68287.44,68424.09,68224.63,68390.24,84.07995,68390.24,68404.15,68145.01,68199.93,147.31422,0,0,0,0,40,55,85,85
"2026-03-22 21:00:00",67780.83,TP,2,0.23,0.786,SKIP,,,,,-,SKIP,-,68324.23,68370.22,68194,68363.62,64.59928,68363.62,68363.62,68080,68176.46,92.98618,68176.47,68228.71,67552.03,67780.83,839.82399,0,60,0,60,40,55,85,85
"2026-03-27 00:00:00",68940,TP,0,0.23,0.9138,TAKE,,,,,-,TAKE,ml,68735.8,68784.28,68652,68754.78,96.95435,68754.78,68847.16,68740.35,68820.31,59.51297,68820.31,68965.15,68705.64,68940,278.39623,0,0,0,0,45,60,73,73
"2026-03-27 00:30:00",68718.74,TP,12,0.23,0.9275,TAKE,,,,,-,TAKE,ml,68820.31,68965.15,68705.64,68940,278.39623,68940,68956.53,68732.26,68732.26,78.15821,68732.26,68787.73,68531.37,68718.75,220.78917,35,35,30,30,45,60,73,73
"2026-03-27 04:00:00",68405.23,TP,15,0.23,0.8313,SKIP,13.79,-0.7233,4,-0.2587,SKIP,SKIP,-,68839.31,68910.63,68810.01,68869.56,73.76483,68869.56,68884.19,68767.5,68767.51,166.99944,68767.5,68791.4,68304.14,68405.24,344.26488,0,44,0,67,45,60,73,73
"2026-03-27 10:00:00",67670.69,TP,0,0.23,0.8355,SKIP,24.91,-0.3678,2,0.1118,TAKE,TAKE,rsi,67936.3,67936.31,67712.28,67723.8,174.24067,67723.8,67880.78,67680.85,67695.81,139.62026,67695.81,67770,67612.02,67670.68,143.28969,75,80,110,92,40,75,73,73
"2026-03-27 10:30:00",66906.58,TP,0,0.23,0.6891,SKIP,,,,,-,SKIP,-,67695.81,67770,67612.02,67670.68,143.28969,67670.69,67778.99,67662.19,67765.55,91.65557,67765.55,67773,66809.63,66906.57,1467.04733,0,0,0,0,40,75,73,73
"2026-03-27 13:00:00",66533.19,TP,0,0.23,0.9271,TAKE,,,,,-,TAKE,ml,66540.49,66641.33,66432.19,66617.39,278.02341,66617.4,66685.43,66479.73,66619.76,180.30519,66619.75,66730,66522,66533.19,214.7454,0,0,0,0,45,60,73,73
"2026-03-27 13:30:00",66514.51,TP,0,0.23,0.8151,SKIP,,,,,-,SKIP,-,66619.75,66730,66522,66533.19,214.7454,66533.19,66720,66491.1,66697.8,196.24555,66697.8,66757.3,66144.06,66514.51,1471.61176,0,0,0,0,45,60,73,73
"2026-03-29 10:00:00",66548.07,TP,19,0.23,0.8464,SKIP,31.7,-0.2637,4,-0.0186,SKIP,SKIP,-,66673.59,66697.25,66549.54,66581.57,64.04028,66581.58,66642.07,66581.58,66634.01,34.851,66634.01,66634.02,66500.02,66548.07,120.4865,0,0,0,0,45,60,60,60
"2026-03-29 17:00:00",66422.36,TP,0,0.23,0.8402,SKIP,50.15,-0.1513,5,0.134,SKIP,SKIP,-,66617.2,66618.94,66531.51,66540,60.49799,66540,66567.93,66488.01,66499.35,37.01137,66499.36,66546,66404.68,66422.35,47.84732,75,80,0,0,40,55,60,60
"2026-03-29 17:30:00",66392.26,TP,16,0.23,0.7908,SKIP,,,,,-,SKIP,-,66499.36,66546,66404.68,66422.35,47.84732,66422.36,66422.36,66158.26,66262.41,168.83583,66262.41,66422.43,66233.42,66392.26,64.61206,0,7,0,7,40,55,60,60
"2026-04-02 04:00:00",66533.43,TP,0,0.23,0.9143,TAKE,,,,,-,TAKE,ml,66860.64,66883.14,66500,66606.88,265.63199,66606.88,66644.54,66504.17,66576.25,142.89352,66576.25,66655.46,66507.56,66533.43,373.03894,50,52,0,0,35,65,60,60
"2026-04-02 04:30:00",66287.02,SL,11,-0.9,0.7982,SKIP,,,,,-,SKIP,-,66576.25,66655.46,66507.56,66533.43,373.03894,66533.43,66624.2,66362.43,66427.07,156.98416,66427.06,66450.99,66217.07,66287.03,176.6645,75,80,105,92,35,65,60,60
"2026-04-02 11:00:00",66300.01,TP,2,0.23,0.89,MAYBE,36.87,-0.2552,4,0.1354,SKIP,SKIP,-,66378.59,66500,66364,66484.8,145.45789,66484.8,66511.79,66429.7,66457.28,65.45813,66457.28,66487.82,66256.3,66300,89.65366,75,52,65,52,40,55,60,60
"2026-04-19 00:30:00",75576.79,TP,8,0.23,0.7612,SKIP,,,,,-,SKIP,-,75691.76,75847.42,75685.99,75771.13,46.15915,75771.14,75771.14,75570,75610.54,66.60282,75610.54,75645.68,75551.73,75576.78,52.84413,105,95,105,95,5,5,75,75
"2026-04-19 06:00:00",75389.4,TP,2,0.23,0.7792,SKIP,,,,,-,SKIP,-,75556.22,75664.98,75556.21,75600,32.71575,75600,75600.01,75535.22,75545.6,38.72783,75545.6,75545.6,75389.39,75389.39,169.19903,105,92,105,92,45,60,75,75
"2026-04-19 07:00:00",75238,TP,0,0.23,0.7467,SKIP,,,,,-,SKIP,-,75406.01,75478,75406,75422.93,43.32149,75422.92,75424.43,75361.35,75400.09,49.88597,75400.09,75400.09,75209.09,75238,121.1788,45,47,45,105,45,60,75,75
"2026-04-19 07:30:00",75181.27,TP,5,0.23,0.6907,SKIP,,,,,-,SKIP,-,75400.09,75400.09,75209.09,75238,121.1788,75238,75238.01,74867.72,74979.99,410.92389,74980,75253.04,74979.99,75181.27,154.87474,10,7,10,7,45,60,75,75
"2026-04-19 17:00:00",75264,TP,0,0.23,0.9083,TAKE,,,,,-,TAKE,ml,75569.99,75702.04,75503.82,75563.51,82.41839,75563.51,75634.7,75311.11,75382.86,143.0481,75382.87,75382.87,75012.49,75264,303.41346,5,60,-5,5,40,75,75,75
"2026-04-19 17:30:00",75189.14,TP,0,0.23,0.9422,TAKE,,,,,-,TAKE,ml,75382.87,75382.87,75012.49,75264,303.41346,75264,75381.76,75161.86,75271.22,98.72818,75271.22,75363.41,75084.53,75189.15,77.13539,0,0,0,0,40,75,75,75
"2026-04-19 21:00:00",74687.81,TP,1,0.23,0.9573,TAKE,,,,,-,TAKE,ml,74755.01,74867.33,74459.62,74537,148.83794,74537,74717.07,74427.53,74630,145.76913,74630.01,74740,74572.5,74687.8,80.41802,0,0,30,0,15,60,75,75
"2026-04-19 21:45:00",74425.16,TP,0,0.23,0.9084,TAKE,,,,,-,TAKE,ml,74687.81,74766.27,74582.69,74746.1,68.74938,74746.11,74810,74730,74743.21,37.07506,74743.21,74796.42,74368.6,74425.15,197.30635,35,22,0,0,15,60,75,75
"2026-04-19 22:15:00",73943.57,TP,5,0.23,0.6358,SKIP,,,,,-,SKIP,-,74743.21,74796.42,74368.6,74425.15,197.30635,74425.16,74425.16,73818.61,74021.14,689.7032,74021.14,74070,73762.9,73943.57,218.54779,20,22,10,0,40,75,75,75
"2026-04-29 12:00:00",77310.12,TP,0,0.23,0.9025,TAKE,,,,,-,TAKE,ml,77515,77670.73,77508.07,77571.53,123.57881,77571.53,77694.61,77546,77590.03,167.55507,77590.04,77596.39,76850,77310.12,664.16642,0,0,0,0,40,55,85,85
"2026-04-29 12:30:00",77162.19,TP,1,0.23,0.8424,SKIP,14.28,-0.4551,5,0.3226,SKIP,SKIP,-,77590.04,77596.39,76850,77310.12,664.16642,77310.12,77415.98,76908.47,77145.78,680.3712,77145.78,77175.64,76992.5,77162.2,154.12744,8,0,5,10,40,55,85,85
"2026-04-29 14:00:00",76588.5,TP,2,0.23,0.7737,SKIP,,,,,-,SKIP,-,76924.11,76924.11,76563,76563,415.51029,76563.01,76877.15,76425.62,76783.43,282.18687,76783.42,76783.43,76543.51,76588.85,158.5249,0,0,0,0,40,75,85,85
"2026-04-29 15:00:00",76254.99,TP,0,0.23,0.7559,SKIP,,,,,-,SKIP,-,76717.99,76927.69,76584.42,76602.26,796.00126,76602.27,76668.45,76489.99,76570,187.98214,76570,76634.61,76150,76255,342.77333,65,67,0,67,15,60,85,85
"2026-04-29 15:30:00",75975.01,TP,1,0.23,0.8302,SKIP,12.11,-0.9685,2,0.0039,SKIP,SKIP,-,76570,76634.61,76150,76255,342.77333,76254.99,76364.88,76194.4,76230.53,180.83526,76230.53,76335.12,75971.07,75975,299.47884,45,47,0,0,15,60,85,85
"2026-05-07 10:15:00",80614.46,TP,12,0.23,0.7933,SKIP,,,,,-,SKIP,-,80894.63,80966.54,80882.33,80929,126.75804,80929,80997,80815.26,80882.85,158.40325,80882.85,80939.4,80572.4,80614.46,273.1642,105,92,115,105,35,55,0,0
"2026-05-12 00:00:00",81617.84,TP,2,0.23,0.7986,SKIP,,,,,-,SKIP,-,81625.16,81822.17,81615.69,81785.04,45.90412,81785.03,81788.01,81742.08,81745.65,39.82433,81745.66,81788,81617.03,81618,85.78284,65,52,50,52,45,60,60,60
"2026-05-12 01:00:00",81397.08,TP,0,0.23,0.8616,SKIP,32.44,-0.4264,3,-0.101,TAKE,TAKE,rsi,81566.11,81655.9,81478.75,81494.33,103.71758,81494.33,81585,81494.32,81545.2,78.09419,81545.2,81615.67,81388,81397.07,70.93879,0,0,0,0,40,100,60,60
"2026-05-12 01:30:00",81068.31,TP,20,0.23,0.8583,SKIP,6.53,-0.6103,2,-0.2555,SKIP,SKIP,-,81545.2,81615.67,81388,81397.07,70.93879,81397.08,81471.6,81258.82,81372.3,105.07999,81372.3,81372.3,80714.28,81068.31,518.65006,15,15,0,60,40,100,60,60
"2026-05-12 07:00:00",81076.29,TP,1,0.23,0.9165,TAKE,,,,,-,TAKE,ml,81217.29,81221.55,81066.87,81097.67,123.36085,81097.68,81133.59,81010.01,81022.44,136.3091,81022.44,81100,80880,81076.28,110.92087,8,7,60,60,45,100,60,60
"2026-05-12 07:45:00",80865.4,TP,9,0.23,0.8536,SKIP,10.81,-0.2864,2,-0.0859,SKIP,SKIP,-,81076.29,81137.27,80900,81020.25,119.05785,81020.25,81094,80948.34,80948.35,121.81043,80948.34,80975.34,80800.77,80865.4,251.52967,28,29,90,77,45,100,60,60
"2026-05-12 13:15:00",80661.66,TP,0,0.23,0.8085,SKIP,,,,,-,SKIP,-,80860.01,80980,80853.27,80881.26,103.43679,80881.25,80928.26,80800,80800,123.3017,80800,80810.36,80632.35,80661.67,108.25299,110,92,110,92,0,0,60,60
"2026-05-12 16:00:00",80385.97,TP,1,0.23,0.9265,TAKE,,,,,-,TAKE,ml,80222,80480,80222,80376,229.79031,80375.99,80452.67,80284.34,80336.01,146.23944,80336.01,80435.99,80204.69,80385.98,219.88566,30,30,30,30,40,90,60,60
"2026-05-12 16:45:00",80000.01,SL,6,-0.9,0.8177,SKIP,,,,,-,SKIP,-,80385.97,80410.05,80158.32,80290,683.59454,80290.01,80340,80216,80250.82,87.36079,80250.83,80280,79843.59,80000.01,482.61351,65,37,20,35,40,90,60,60
"2026-05-13 06:00:00",81099.99,TP,3,0.23,0.7336,SKIP,,,,,-,SKIP,-,81124.8,81137.95,81022.92,81026.54,56.95303,81026.55,81086.73,80999.99,81019.99,84.28114,81020,81100,80999,81099.99,64.17479,0,0,0,0,40,75,75,75
"2026-05-13 11:00:00",80573.07,TP,3,0.23,0.8383,SKIP,14.46,-0.8836,4,-0.2045,SKIP,SKIP,-,80974.02,81034.75,80825.8,80854.56,88.31738,80854.55,80880.53,80809.01,80809.01,89.76199,80809.01,80843.87,80572.68,80573.06,265.75779,43,44,0,0,60,75,75,75
"2026-05-13 12:15:00",80349.31,TP,0,0.23,0.779,SKIP,,,,,-,SKIP,-,80674.02,80696,80494.98,80501.22,157.04969,80501.22,80592.65,80454.74,80537.05,161.6216,80537.05,80557.71,80177,80349.31,254.84834,0,0,0,0,40,100,75,75
"2026-05-13 12:45:00",80202.78,TP,1,0.23,0.8445,SKIP,24.53,-0.5841,3,0.0542,TAKE,TAKE,rsi,80537.05,80557.71,80177,80349.31,254.84834,80349.31,80359.35,79852,80163.53,606.28784,80163.53,80280,80140.69,80202.78,171.60973,0,0,0,0,40,100,75,75
"2026-05-13 13:30:00",79850,TP,0,0.23,0.7847,SKIP,,,,,-,SKIP,-,80202.78,80345.45,80199,80301,142.06949,80301.01,80337.01,80144.34,80149.74,133.41812,80149.73,80210,79780,79850,414.03325,65,67,65,67,35,80,75,75
"2026-05-16 03:00:00",79175.01,TP,4,0.23,0.8397,SKIP,69.14,0.0089,5,0.7693,SKIP,SKIP,-,79155.38,79155.38,79080.1,79088.68,62.16833,79088.67,79158.4,79080.94,79155.54,31.11264,79155.55,79187.71,79135.5,79175.01,121.34285,0,0,0,0,40,55,60,60
"2026-05-16 06:00:00",78936.65,TP,0,0.23,0.9157,TAKE,,,,,-,TAKE,ml,79025.33,79039.49,78940.91,79004,57.46388,79004.01,79027.37,78972,79027.37,53.69425,79027.36,79047.94,78920.65,78936.65,78.36628,0,0,20,22,40,55,60,60
"2026-05-16 06:30:00",78745.74,TP,0,0.23,0.72,SKIP,,,,,-,SKIP,-,79027.36,79047.94,78920.65,78936.65,78.36628,78936.65,78936.66,78800,78824.77,126.24744,78824.78,78899.07,78730.26,78745.74,86.98843,105,95,35,47,40,55,60,60
"2026-05-16 07:00:00",78259.33,TP,7,0.23,0.7368,SKIP,,,,,-,SKIP,-,78824.78,78899.07,78730.26,78745.74,86.98843,78745.74,78778.68,78459.87,78648,340.65941,78648,78651.63,78122,78259.33,474.20223,25,24,0,5,40,65,60,60
"2026-05-16 10:00:00",77906.83,TP,60,0.23,0.8823,SKIP,16.93,-0.6627,3,0.0548,TAKE,TAKE,rsi,78058.02,78188.48,78031,78122.91,200.87522,78122.92,78207.92,78015.65,78083.48,241.26148,78083.47,78101.43,77810.1,77906.82,452.89199,105,92,50,7,40,65,60,60
"2026-05-17 01:30:00",77787.4,SL,32,-0.9,0.9424,TAKE,,,,,-,TAKE,ml,77945.85,78114,77826.9,78057.52,160.23495,78057.53,78090,77909.07,77988.02,67.60262,77988.02,78000.76,77721.19,77787.4,207.5912,65,52,50,52,40,65,60,60
"2026-05-17 14:00:00",78072.81,TP,10,0.23,0.8193,SKIP,,,,,-,SKIP,-,78292.63,78343.39,78250,78261.73,72.55707,78261.74,78293.83,78184.1,78202.91,81.77301,78202.91,78217.33,78061.46,78072.81,112.79585,53,44,115,105,40,75,60,60
"2026-05-17 17:00:00",77920.17,TP,23,0.23,0.912,TAKE,,,,,-,TAKE,ml,78141.36,78193.66,78111.72,78171.03,33.5462,78171.02,78171.03,78025.23,78034.36,59.32379,78034.37,78055.8,77892.18,77920.16,123.37726,35,92,105,92,0,0,60,60
"2026-05-17 23:15:00",77836.12,TP,0,0.23,0.8454,SKIP,6.97,-0.3596,3,-0.0246,SKIP,SKIP,-,78048,78048,77830,77997.24,154.51308,77997.24,78008.18,77771.11,77855.01,127.24159,77855.01,77975.95,77680.28,77836.13,149.14083,55,60,80,27,40,100,60,60
"2026-05-17 23:45:00",77457.67,TP,0,0.23,0.8076,SKIP,,,,,-,SKIP,-,77855.01,77975.95,77680.28,77836.13,149.14083,77836.12,77893.15,76735.16,77250,1388.41015,77250,77543.38,77118.96,77457.67,366.63144,0,0,0,0,40,100,60,60
"2026-05-18 14:00:00",76695.04,TP,0,0.23,0.807,SKIP,,,,,-,SKIP,-,77280.92,77287.91,76763.16,76819.96,415.07296,76819.97,77146.19,76695.31,76937.7,421.56976,76937.7,76954.25,76675.69,76695.04,363.30504,0,0,0,0,40,90,85,85
"2026-05-18 14:30:00",76484.61,TP,0,0.23,0.869,SKIP,8.47,-1.0304,2,0.1077,SKIP,SKIP,-,76937.7,76954.25,76675.69,76695.04,363.30504,76695.04,76822.55,76430,76641.66,689.84412,76641.67,76719.18,76230.02,76484.62,646.81029,15,5,75,60,40,90,85,85
"2026-05-22 22:15:00",75799.42,TP,4,0.23,0.7854,SKIP,,,,,-,SKIP,-,75991.99,76068.39,75976.29,75978.83,68.5029,75978.83,75978.84,75844.73,75915.39,91.92965,75915.39,75915.4,75757.88,75799.42,93.29462,115,105,105,95,40,55,0,0
"2026-05-23 07:00:00",75363.4,TP,0,0.23,0.8862,SKIP,16.62,-0.158,2,-0.0103,SKIP,SKIP,-,75458.41,75491.31,75419.72,75452.45,40.97192,75452.44,75452.45,75394.54,75398.33,50.66017,75398.33,75443.44,75266.74,75363.4,150.14284,90,77,110,92,45,60,20,20
"2026-05-26 22:00:00",75792.06,TP,21,0.23,0.8526,SKIP,24.94,-0.4136,5,0.0058,TAKE,TAKE,rsi,76048.64,76079.08,75985.1,76001.96,46.55931,76001.97,76044.01,75866.67,75890,74.79109,75890,75998.94,75720.45,75792.05,131.26341,90,77,115,105,40,75,0,0
"2026-05-28 02:00:00",74365.29,TP,0,0.23,0.9121,TAKE,,,,,-,TAKE,ml,74286.46,74408.52,74172,74271.67,151.87102,74271.67,74377.66,74255.26,74344.08,99.65986,74344.07,74400,74239.45,74365.28,244.2462,0,0,0,0,35,80,85,85
"2026-05-28 02:30:00",74264.74,TP,1,0.23,0.7683,SKIP,,,,,-,SKIP,-,74344.07,74400,74239.45,74365.28,244.2462,74365.29,74390.01,74182,74214.6,209.43138,74214.6,74298.78,74127.57,74264.74,163.04938,30,30,30,30,35,80,85,85
"2026-05-28 03:15:00",73746.58,TP,0,0.23,0.8707,SKIP,19.4,-0.832,4,-0.3349,SKIP,SKIP,-,74264.74,74365.7,74242.34,74287.42,101.189,74287.43,74380.39,74140.47,74212,184.2298,74212.01,74242.34,73500,73746.57,870.35511,0,12,5,12,40,55,85,85
"2026-05-28 03:45:00",73258,TP,0,0.23,0.8003,SKIP,,,,,-,SKIP,-,74212.01,74242.34,73500,73746.57,870.35511,73746.58,73786.37,73360.36,73430.01,661.53039,73430,73560,73060.59,73258.01,2163.63198,50,35,35,40,40,55,85,85
"2026-06-01 05:00:00",73540,TP,0,0.23,0.9183,TAKE,,,,,-,TAKE,ml,73408.01,73492.5,73408,73491.99,73.50607,73491.99,73589.51,73348.74,73536.01,70.81101,73536.01,73540.1,73457.57,73540,93.00331,0,0,0,0,45,65,85,85
"2026-06-01 05:30:00",73426.37,TP,0,0.23,0.8152,SKIP,,,,,-,SKIP,-,73536.01,73540.1,73457.57,73540,93.00331,73540,73541.48,73350.39,73351.7,81.42057,73351.7,73426.38,73328.32,73426.37,57.78933,30,30,70,55,45,65,85,85
"2026-06-01 06:00:00",73289.98,TP,0,0.23,0.9133,TAKE,,,,,-,TAKE,ml,73351.7,73426.38,73328.32,73426.37,57.78933,73426.37,73465.56,73340,73350,171.9847,73349.99,73368,73242.02,73289.99,91.62201,35,47,50,37,40,90,85,85
"2026-06-01 06:30:00",73009.81,TP,3,0.23,0.7388,SKIP,,,,,-,SKIP,-,73349.99,73368,73242.02,73289.99,91.62201,73289.98,73326,73144,73192.82,153.82858,73192.81,73234,73004.99,73009.81,276.026,105,92,110,92,40,90,85,85
"2026-06-01 07:45:00",72818,TP,0,0.23,0.7121,SKIP,,,,,-,SKIP,-,73117.33,73136.32,72954.36,72979.71,206.20623,72979.72,72996,72866,72952.4,237.27854,72952.4,72963.92,72704,72818,278.47848,55,60,35,-6,35,80,85,85
"2026-06-01 11:00:00",72683.25,TP,1,0.23,0.8743,SKIP,10.64,-0.27,4,0.1502,SKIP,SKIP,-,72705.72,72790.25,72592.27,72704.49,131.82096,72704.48,72796.74,72704.48,72748.88,107.90312,72748.88,72763.16,72659.33,72683.25,85.98863,0,0,25,30,45,60,85,85
"2026-06-01 11:45:00",72480,TP,0,0.23,0.8157,SKIP,,,,,-,SKIP,-,72683.25,72737.69,72654.24,72672,79.41715,72672.01,72741.28,72610.17,72721.07,103.21413,72721.07,72768.11,72290,72479.99,500.99045,0,0,0,0,45,60,85,85
"2026-06-01 12:15:00",72227.44,TP,1,0.23,0.743,SKIP,,,,,-,SKIP,-,72721.07,72768.11,72290,72479.99,500.99045,72480,72610,71902.98,72052.55,1125.9142,72052.55,72298.44,72028,72227.44,335.15279,10,7,0,0,40,100,85,85
"2026-06-01 13:00:00",71843.02,TP,0,0.23,0.7998,SKIP,,,,,-,SKIP,-,72227.44,72321.95,72188.88,72275.22,185.92941,72275.22,72294,72116.34,72221.73,207.74245,72221.74,72243.52,71736.2,71843.01,543.66661,0,44,0,67,40,65,85,85
"2026-06-01 13:30:00",71599.99,TP,2,0.23,0.7785,SKIP,,,,,-,SKIP,-,72221.74,72243.52,71736.2,71843.01,543.66661,71843.02,72025.99,71750,71828.58,476.54272,71828.59,72051.2,71581.03,71599.99,871.26479,45,47,0,0,40,65,85,85
"2026-06-01 21:00:00",71220,TP,0,0.23,0.6839,SKIP,,,,,-,SKIP,-,71602,71670.01,71577.41,71591.65,76.4487,71591.65,71608,71419.64,71446,94.8278,71445.99,71449.98,71154.36,71220,181.68448,105,92,65,37,40,75,85,85
"2026-06-01 21:30:00",71014.37,TP,0,0.23,0.7903,SKIP,,,,,-,SKIP,-,71445.99,71449.98,71154.36,71220,181.68448,71220,71230,71083.33,71148.56,153.86628,71148.57,71158,70941.95,71014.38,114.5529,65,70,55,60,40,75,85,85
"2026-06-04 00:00:00",64316.53,TP,0,0.23,0.9177,TAKE,,,,,-,TAKE,ml,64505.4,64633.5,64252.51,64260,423.55838,64260,64346.54,64092.49,64142.75,337.89099,64142.75,64428,64127.5,64316.53,365.24403,30,30,30,30,40,100,70,70
"2026-06-04 00:30:00",63595.34,TP,0,0.23,0.8905,MAYBE,19.21,-1.4108,2,0.009,SKIP,SKIP,-,64142.75,64428,64127.5,64316.53,365.24403,64316.53,64387.44,63358.01,63358.01,1344.5459,63358.01,63815.74,63070,63595.33,1179.7085,10,7,10,7,40,100,70,70
"2026-06-04 01:00:00",63124,TP,0,0.23,0.9035,TAKE,,,,,-,TAKE,ml,63358.01,63815.74,63070,63595.33,1179.7085,63595.34,63601.41,63000,63344.97,623.29834,63344.98,63500,63100.01,63124,667.28208,5,10,5,10,40,100,70,70
"2026-06-04 01:30:00",62825,TP,0,0.23,0.7546,SKIP,,,,,-,SKIP,-,63344.98,63500,63100.01,63124,667.28208,63124,63134,62569,62699.99,1821.29829,62700,63161.43,62697.37,62825,584.80889,10,7,0,0,40,100,70,70
"2026-06-04 10:00:00",62872.58,TP,0,0.23,0.9023,TAKE,,,,,-,TAKE,ml,62864,63000,62703.33,62899.44,940.47354,62899.44,63272.01,62895.15,63266,425.48771,63266.01,63276,62820.01,62872.58,489.02224,0,0,0,0,45,100,70,70
"2026-06-04 10:30:00",62723.47,TP,0,0.23,0.7476,SKIP,,,,,-,SKIP,-,63266.01,63276,62820.01,62872.58,489.02224,62872.58,63006,62500,62501.51,461.65194,62501.51,62792,62415.94,62723.46,590.53061,30,30,75,80,45,100,70,70
"2026-06-04 17:00:00",63592,TP,0,0.23,0.962,TAKE,,,,,-,TAKE,ml,63646.01,63862,63456,63780.08,233.59514,63780.07,63920,63510.7,63563.51,210.93288,63563.51,63722,63446,63591.99,200.19499,30,30,30,30,45,75,70,70
"2026-06-04 17:30:00",63041.24,SL,1,-0.9,0.8775,SKIP,13.77,-0.9502,3,-0.0283,SKIP,SKIP,-,63563.51,63722,63446,63591.99,200.19499,63592,63592,63116,63224,220.18476,63224,63306,62969.69,63041.23,258.52893,33,37,85,47,45,75,70,70
"2026-06-10 02:00:00",61559.37,TP,0,0.23,0.8823,SKIP,38.3,-0.5875,6,0.023,TAKE,TAKE,rsi,61826,61896,61590,61638.89,70.48997,61638.9,61846,61620,61714,77.40119,61714,61837.67,61550,61559.36,124.61138,0,0,0,0,40,75,60,60
"2026-06-10 02:30:00",61373.99,TP,6,0.23,0.8083,SKIP,,,,,-,SKIP,-,61714,61837.67,61550,61559.36,124.61138,61559.37,61574,61350,61491.99,196.78947,61492,61546.01,61299.49,61373.99,90.50866,85,75,10,7,40,75,60,60
"2026-06-10 21:00:00",61547.5,TP,1,0.23,0.7896,SKIP,,,,,-,SKIP,-,61913.99,61924.64,61805.27,61810.9,98.53053,61810.9,61836,61704.23,61805.51,55.9081,61805.5,61805.51,61504.47,61547.5,148.04132,35,37,0,0,40,75,60,60
"2026-06-10 21:45:00",61356.18,TP,0,0.23,0.8011,SKIP,,,,,-,SKIP,-,61547.5,61700,61540,61576,120.4367,61576,61717.99,61576,61683.99,47.99388,61684,61692,61179.19,61356.18,254.87447,0,0,0,0,40,75,60,60
"2026-06-17 07:00:00",65688,TP,0,0.23,0.9028,TAKE,,,,,-,TAKE,ml,65650,65739.62,65582.63,65639.25,115.55402,65639.25,65679.73,65602.43,65624,110.2679,65624.01,65700,65556.33,65688,103.63908,10,10,0,0,40,75,85,85
"2026-06-17 07:30:00",65540.11,TP,0,0.23,0.8666,SKIP,18.86,-0.1674,4,-0.0096,SKIP,SKIP,-,65624.01,65700,65556.33,65688,103.63908,65688,65710,65482.41,65555.79,95.35882,65555.8,65584.57,65477.28,65540.1,136.04217,30,37,70,55,40,75,85,85
"2026-06-17 08:00:00",65340.5,TP,0,0.23,0.9204,TAKE,,,,,-,TAKE,ml,65555.8,65584.57,65477.28,65540.1,136.04217,65540.11,65594,65251,65539.5,362.24541,65539.51,65574,65340.49,65340.5,145.19575,0,5,75,10,45,60,85,85
"2026-06-17 08:30:00",64920.01,TP,7,0.23,0.7666,SKIP,,,,,-,SKIP,-,65539.51,65574,65340.49,65340.5,145.19575,65340.5,65393.46,65241.39,65330.01,110.46049,65330.01,65330.01,64920,64920.01,509.94079,0,37,0,92,45,60,85,85
"2026-06-24 04:15:00",62588.28,TP,24,0.23,0.8604,SKIP,37.58,-0.0004,2,0.1236,SKIP,SKIP,-,62797.87,62827.78,62725.04,62729.78,100.80331,62729.78,62753.91,62635.2,62664.97,178.74113,62664.96,62698,62525.49,62588.27,153.72307,40,92,115,92,0,0,58,58
"2026-06-24 15:00:00",60896.01,TP,0,0.23,0.8579,SKIP,0,-0.7206,0,0.0724,SKIP,SKIP,-,61231.99,61382,61067.16,61160.96,433.74362,61160.96,61254,60954,61113.1,478.77648,61113.1,61120,60837.3,60896.01,423.20994,23,19,50,45,35,55,58,58
"2026-06-24 15:30:00",60576.58,TP,0,0.23,0.8073,SKIP,,,,,-,SKIP,-,61113.1,61120,60837.3,60896.01,423.20994,60896.01,61150.13,60817.5,60873.99,280.92007,60874,60883.37,60526.11,60576.58,613.5621,45,47,0,0,35,55,58,58
"2026-06-24 16:00:00",60524.5,TP,0,0.23,0.8945,MAYBE,21.85,-0.9631,1,0.1665,SKIP,SKIP,-,60874,60883.37,60526.11,60576.58,613.5621,60576.58,60590.93,60249.82,60250,1920.29944,60250,60556,60219.51,60524.49,1148.35875,10,7,30,30,45,90,58,58
"2026-06-24 16:30:00",60262,TP,0,0.23,0.9285,TAKE,,,,,-,TAKE,ml,60250,60556,60219.51,60524.49,1148.35875,60524.5,60678.1,60425,60550,344.46387,60550.01,60564.88,60170,60262,424.93523,0,0,0,0,45,90,58,58
"2026-06-24 17:00:00",59839.71,TP,0,0.23,0.8578,SKIP,18.36,-0.681,2,0.1229,TAKE,TAKE,rsi,60550.01,60564.88,60170,60262,424.93523,60262,60262,59622,59850,2356.63952,59850,60057.18,59720,59839.72,703.55118,15,10,25,12,15,60,58,58
"2026-06-24 17:30:00",59332.43,SL,1,-0.9,0.6939,SKIP,,,,,-,SKIP,-,59850,60057.18,59720,59839.72,703.55118,59839.71,59877.02,59339,59686.01,1344.7669,59686.01,59754,59293.96,59332.43,805.11901,15,20,5,10,15,60,58,58
"2026-06-28 05:00:00",60012.77,TP,0,0.23,0.8896,SKIP,6.48,-0.3061,3,-0.1439,SKIP,SKIP,-,60199.17,60199.18,60088.04,60174.01,32.94412,60174,60194,60121.06,60133,44.70954,60133.01,60140,59970,60012.77,67.31399,105,92,45,50,45,60,60,60
"2026-06-28 05:30:00",59918.64,SL,10,-0.9,0.8135,SKIP,,,,,-,SKIP,-,60133.01,60140,59970,60012.77,67.31399,60012.77,60021.64,59753.48,59836.09,162.72923,59836.09,59954.29,59795.99,59918.64,68.52833,0,7,10,7,45,60,60,60
"2026-06-28 13:00:00",60124.4,TP,6,0.23,0.9231,TAKE,,,,,-,TAKE,ml,60338.46,60457.02,60204,60238.16,59.43164,60238.17,60312,60238.16,60293.51,35.12098,60293.5,60293.51,59963.86,60124.4,121.95827,0,0,0,0,40,55,60,60
"2026-06-28 15:00:00",60081.63,TP,0,0.23,0.8918,MAYBE,43.47,0.017,4,0.2371,SKIP,SKIP,-,60155.49,60195.13,60084,60109.69,109.95889,60109.69,60170.01,60018,60033,75.21627,60033.01,60098,59888,60082.09,143.5989,30,30,8,7,40,55,60,60
"2026-06-28 15:30:00",59975.52,TP,0,0.23,0.8722,SKIP,38.02,-0.2992,3,0.047,SKIP,SKIP,-,60033.01,60098,59888,60082.09,143.5989,60081.63,60130,60006,60040.08,44.73721,60040.07,60094,59900,59975.53,146.04811,35,37,40,45,40,55,60,60
"2026-06-28 16:00:00",59832.46,TP,0,0.23,0.8847,SKIP,11.65,-0.334,2,-0.0422,SKIP,SKIP,-,60040.07,60094,59900,59975.53,146.04811,59975.52,60006,59817.28,59890,132.64822,59890.35,59943.9,59822,59832.46,82.08614,65,70,33,37,45,90,60,60
"2026-06-28 16:30:00",59622.59,TP,2,0.23,0.7949,SKIP,,,,,-,SKIP,-,59890.35,59943.9,59822,59832.46,82.08614,59832.46,59905.98,59671.28,59772.99,164.65367,59772.99,59794.01,59606.73,59622.59,151.05975,40,37,0,92,45,90,60,60
"2026-06-28 22:00:00",59630.01,TP,0,0.23,0.9209,TAKE,,,,,-,TAKE,ml,59713.4,59796.66,59660,59660,76.95707,59660.01,59678.66,59333.33,59445.95,304.0985,59445.96,59906,59445.96,59630,236.79461,10,7,10,7,40,65,60,60
"2026-06-28 22:30:00",59109.3,SL,2,-0.9,0.6705,SKIP,,,,,-,SKIP,-,59445.96,59906,59445.96,59630,236.79461,59630.01,59638.37,59170,59381.12,229.97444,59381.12,59460,59087.47,59109.29,254.70316,45,20,-5,0,40,65,60,60
"2026-07-08 02:00:00",62888.01,TP,0,0.23,0.9315,TAKE,,,,,-,TAKE,ml,63425.37,63451.99,62921.78,63156.01,349.14523,63156.01,63216,62972,63038.01,137.46227,63038,63038,62818,62888,266.50284,50,52,35,40,40,75,65,65
"2026-07-08 02:30:00",62971.99,TP,3,0.23,0.8913,MAYBE,12.45,-0.7148,4,0.0863,SKIP,SKIP,-,63038,63038,62818,62888,266.50284,62888.01,62988,62814,62888.01,406.93486,62888.01,62972,62525.47,62972,473.27405,0,0,0,0,40,75,65,65
"2026-07-08 13:00:00",61925.2,TP,1,0.23,0.8502,SKIP,35.26,-0.6016,4,0.154,TAKE,TAKE,rsi,62285.39,62302,62090.01,62095.79,287.41538,62095.8,62161.24,61953.58,61957.73,124.98766,61957.74,62000,61848,61925.21,182.9126,50,52,10,55,45,90,65,65
"2026-07-08 13:45:00",61945.49,TP,2,0.23,0.8774,SKIP,21.16,-0.242,3,0.2674,SKIP,SKIP,-,61925.2,61936,61754,61824.61,192.46141,61824.62,62090,61824.62,61962,314.4272,61962,61962,61632.23,61945.49,441.19119,0,0,0,0,45,90,65,65
"2026-07-12 06:00:00",63751.99,SL,71,-0.9,0.7905,SKIP,,,,,-,SKIP,-,63912.34,63981.21,63900,63965.99,54.52701,63965.99,63997.27,63959.93,63959.93,76.96965,63959.93,63962.85,63732,63752,191.36529,35,37,0,67,40,55,75,75
"2026-07-13 03:00:00",63024.67,TP,0,0.23,0.8561,SKIP,6.96,-0.6108,3,-0.1031,SKIP,SKIP,-,63468.24,63496.5,63394.13,63468.01,109.03908,63468.01,63469.53,63343.29,63375.99,46.93081,63376,63382.95,62892.65,63024.66,413.2011,0,67,0,35,40,55,73,73
"2026-07-13 03:30:00",62821.53,TP,2,0.23,0.8682,SKIP,12.99,-1.019,3,-0.0495,SKIP,SKIP,-,63376,63382.95,62892.65,63024.66,413.2011,63024.67,63123.77,62808,63072.01,291.06991,63072,63072,62741.04,62821.52,224.59294,0,0,0,0,40,55,73,73
"2026-07-13 13:00:00",62518,TP,0,0.23,0.8612,SKIP,2.09,-0.6104,2,-0.0648,SKIP,SKIP,-,62747.09,62783.93,62576.47,62614.01,145.16492,62614.01,62662.49,62570,62625.15,119.92821,62625.15,62660,62518,62518.01,145.03218,0,0,0,0,40,100,73,73
"2026-07-13 13:30:00",62332,TP,1,0.23,0.736,SKIP,,,,,-,SKIP,-,62625.15,62660,62518,62518.01,145.03218,62518,62589.88,62374.01,62531.02,365.98274,62531.01,62766.37,62256,62332.01,803.51943,0,0,0,0,40,100,73,73
"2026-07-13 17:00:00",62318.85,TP,0,0.23,0.8806,SKIP,9.94,-0.4778,5,0.1753,SKIP,SKIP,-,62347.92,62389.67,62212,62366.49,187.83143,62366.49,62420,62249.99,62276,159.96254,62276.01,62370,62252.7,62318.85,141.11074,30,30,30,30,35,65,73,73
"2026-07-13 17:30:00",62102.01,TP,0,0.23,0.8308,SKIP,9.61,-0.3944,3,0.0174,SKIP,SKIP,-,62276.01,62370,62252.7,62318.85,141.11074,62318.85,62318.85,62176.46,62182,189.32474,62182,62224,61981,62102,575.95733,90,47,65,22,35,65,73,73
"2026-07-13 21:00:00",62108,TP,0,0.23,0.8597,SKIP,59.19,-0.2893,5,0.4346,SKIP,SKIP,-,62217.66,62266,62182.48,62182.48,79.8562,62182.49,62211,62050.71,62210.99,60.48586,62211,62216.35,62050,62108,85.08139,0,0,5,10,50,60,73,73
"2026-07-13 21:30:00",61976,SL,11,-0.9,0.865,SKIP,7.72,-0.3884,3,0.2333,SKIP,SKIP,-,62211,62216.35,62050,62108,85.08139,62108,62152.49,61992,62025.99,98.58022,62025.99,62067.11,61897.45,61976,126.19896,115,105,105,62,50,60,73,73
"2026-07-17 05:45:00",62839.77,TP,9,0.23,0.8838,SKIP,11.9,-1.0055,2,-0.125,SKIP,SKIP,-,63434.05,63436.35,63190.84,63206.68,244.36639,63206.68,63226,62968.82,62971.99,420.52811,62972,62981.42,62804.3,62839.76,440.29827,55,105,115,105,45,60,20,20
"2026-07-20 19:00:00",65103.99,SL,34,-0.9,0.7523,SKIP,,,,,-,SKIP,-,65592.01,65592.01,65348.73,65348.74,133.97933,65348.74,65348.74,65204,65240.01,162.10075,65240.01,65274.58,65102,65104,119.44363,105,95,105,95,45,65,20,20
"2026-07-23 04:00:00",65672,TP,10,0.23,0.9291,TAKE,,,,,-,TAKE,ml,65641.7,65705.3,65630,65691.79,57.59389,65691.79,65691.79,65645.24,65662.53,44.0354,65662.53,65672,65590.12,65672,338.50062,30,30,0,7,45,75,60,60
"2026-07-23 12:00:00",65513.4,TP,0,0.23,0.8828,SKIP,6.28,-0.3447,3,0.2583,SKIP,SKIP,-,65626.08,65639.41,65550.06,65557.14,75.56629,65557.15,65632.04,65540.93,65555.21,80.39166,65555.21,65589.41,65470.03,65513.39,116.80437,20,22,0,0,40,75,60,60
"2026-07-23 12:30:00",65116,TP,1,0.23,0.8258,SKIP,,,,,-,SKIP,-,65555.21,65589.41,65470.03,65513.39,116.80437,65513.4,65515.94,65378.19,65422.03,226.65957,65422.03,65422.03,65094.24,65115.99,335.885,35,44,0,44,40,75,60,60
"2026-07-24 09:00:00",65045.34,TP,9,0.23,0.7345,SKIP,,,,,-,SKIP,-,65390.01,65451.99,65390,65445.35,77.93802,65445.36,65449.25,65302.18,65302.18,58.94771,65302.18,65314.66,65045.34,65045.34,178.24407,65,67,35,44,60,75,85,85
"2026-07-24 13:00:00",64375.34,TP,0,0.23,0.7464,SKIP,,,,,-,SKIP,-,65026.64,65058.56,64927.52,64927.52,75.96125,64927.53,64954.95,64766,64780.01,219.32929,64780,64802,64360.91,64375.34,558.73226,0,44,0,12,40,75,85,85
"2026-07-24 13:30:00",64411.99,TP,0,0.23,0.7811,SKIP,,,,,-,SKIP,-,64780,64802,64360.91,64375.34,558.73226,64375.34,64542,64350.04,64381.99,259.10741,64381.99,64412.95,64210.1,64411.99,504.4824,0,0,0,0,40,75,85,85
"2026-07-24 21:00:00",64157,TP,14,0.23,0.8764,SKIP,38.84,-0.1064,4,0.5208,SKIP,SKIP,-,64238.46,64238.47,64128.89,64182,61.24808,64182,64193.21,64136,64170.23,37.9696,64170.24,64222.15,64138,64156.99,85.84161,20,22,35,40,40,55,85,85
"2026-08-03 01:15:00",63175.99,TP,8,0.23,0.8659,SKIP,19.99,-0.3927,3,0.0011,TAKE,TAKE,rsi,63331.81,63352,63271.2,63317.6,55.14494,63317.61,63350,63180,63221.18,96.81693,63221.19,63260,63111.1,63175.99,112.42212,45,105,105,95,35,55,0,0
"2026-08-10 13:00:00",64884.15,TP,0,0.23,0.8896,SKIP,22.16,-0.3713,5,0.071,TAKE,TAKE,rsi,65055,65056.8,64911.18,65018,188.90806,65018,65018,64850,64870.75,178.91617,64870.74,64912.32,64848.38,64884.16,140.36,30,30,70,55,40,65,73,73
"2026-08-10 13:30:00",64646,TP,5,0.23,0.883,SKIP,9.83,-0.6287,5,-0.2357,SKIP,SKIP,-,64870.74,64912.32,64848.38,64884.16,140.36,64884.15,64973.72,64883.52,64929.45,185.21561,64929.46,64940.31,64607.26,64646.01,648.13588,0,0,45,32,40,65,73,73
"2026-08-10 16:00:00",64218,TP,0,0.23,0.8908,MAYBE,6.51,-0.631,3,0.0227,SKIP,SKIP,-,64396,64413.46,64239.22,64338.64,250.56939,64338.65,64357.41,64203.15,64299.99,294.42217,64299.99,64354,64196.01,64218.01,296.0051,115,105,55,65,40,100,73,73
"2026-08-10 16:30:00",63966,TP,6,0.23,0.6996,SKIP,,,,,-,SKIP,-,64299.99,64354,64196.01,64218.01,296.0051,64218,64218.01,63988,64123.63,485.07389,64123.62,64180.71,63949.99,63966,312.19083,85,75,75,10,40,100,73,73
"2026-08-12 14:00:00",63792.12,TP,0,0.23,0.9132,TAKE,,,,,-,TAKE,ml,63960,64014.96,63868,63983.15,239.42146,63983.14,64070.28,63840,63840,226.74541,63840,63926.13,63600,63792.12,320.76522,50,35,20,35,60,75,60,60
"2026-08-12 14:30:00",63608,TP,0,0.23,0.9373,TAKE,,,,,-,TAKE,ml,63840,63926.13,63600,63792.12,320.76522,63792.12,63832,63649.99,63658.01,203.60958,63658,63695.07,63528.86,63608,319.07903,35,37,35,7,60,75,60,60
"2026-08-12 18:00:00",63474.8,TP,3,0.23,0.9216,TAKE,,,,,-,TAKE,ml,63447.4,63504,63416.4,63476.01,56.83017,63476.01,63541.22,63455.03,63471,52.6202,63470.99,63504.15,63422.77,63474.8,84.16198,0,0,0,0,40,55,60,60
"2026-08-18 01:15:00",64325.92,TP,0,0.23,0.8878,SKIP,23.25,-0.177,4,0.2905,SKIP,SKIP,-,64397.06,64398,64367.27,64383.71,86.26749,64383.72,64387.71,64296.97,64347.78,135.22668,64347.79,64360,64305.39,64325.92,71.35506,105,95,105,95,35,55,0,0
"2026-08-18 01:45:00",64200.06,TP,2,0.23,0.8611,SKIP,6.36,-0.3059,2,-0.024,SKIP,SKIP,-,64347.79,64360,64305.39,64325.92,71.35506,64325.92,64345.4,64243.58,64284,91.67237,64284.01,64284.01,64156,64200.06,80.23126,110,92,105,92,35,55,0,0
"2026-08-18 13:15:00",64073.72,SL,2,-0.9,0.8924,MAYBE,0.44,-0.3467,4,-0.0029,SKIP,SKIP,-,64254,64254,64218.45,64230.02,53.03427,64230.02,64230.02,64164.84,64196.01,79.63928,64196.02,64196.02,64061.96,64073.72,178.52288,105,92,115,105,45,60,0,0
"2026-08-29 06:15:00",77409.86,SL,32,-0.9,0.8242,SKIP,,,,,-,SKIP,-,77688.35,77694,77604.06,77632.53,36.93704,77632.52,77632.53,77478.61,77478.62,59.38446,77478.61,77516.78,77382.37,77409.86,97.87323,90,77,105,95,40,55,8,8
"2026-09-02 00:45:00",77213.24,TP,1,0.23,0.7985,SKIP,,,,,-,SKIP,-,77397.02,77462,77255.86,77262.9,72.75931,77262.91,77338.22,77132,77229.31,98.56312,77229.31,77273.41,77182.79,77213.25,56.52883,105,95,105,95,0,0,60,60
"2026-09-02 01:30:00",76886.93,SL,4,-0.9,0.8233,SKIP,,,,,-,SKIP,-,77213.24,77372,77154.37,77351.46,130.59503,77351.46,77351.46,77150,77150,148.7651,77150.01,77188,76848,76886.93,156.90703,28,32,0,67,40,75,60,60
"2026-09-02 08:00:00",77417.58,TP,0,0.23,0.8752,SKIP,33.26,-0.2499,2,0.0709,SKIP,SKIP,-,77598.01,77631.58,77560,77560.01,130.81168,77560,77599.76,77473.84,77473.85,203.58837,77473.86,77546,77381.65,77417.57,166.53775,110,92,90,77,45,60,60,60
"2026-09-02 08:30:00",76970.88,TP,1,0.23,0.811,SKIP,,,,,-,SKIP,-,77473.86,77546,77381.65,77417.57,166.53775,77417.58,77475.14,77248.01,77248.01,110.70583,77248.02,77248.02,76945.35,76970.87,188.14746,65,67,0,67,45,60,60,60
"2026-09-02 09:15:00",76891.96,TP,0,0.23,0.936,TAKE,,,,,-,TAKE,ml,76970.88,77046.93,76746.81,76854.11,239.72355,76854.11,77049.4,76852.88,76945.13,147.14558,76945.13,76968,76600,76891.96,254.27031,0,0,0,0,40,100,60,60
"2026-09-02 09:45:00",76752.26,TP,0,0.23,0.8857,SKIP,22.84,-0.284,2,0.0889,SKIP,SKIP,-,76945.13,76968,76600,76891.96,254.27031,76891.96,76897.98,76517.24,76563.51,276.92836,76563.52,76760,76484.64,76752.26,357.70807,8,7,70,55,40,100,60,60
"2026-09-07 22:30:00",78812.96,TP,24,0.23,0.8588,SKIP,5.82,-0.5289,2,-0.3857,SKIP,SKIP,-,79164.01,79218.18,79077.93,79154.47,88.99114,79154.47,79200,79028.05,79104,144.39282,79104.01,79104.01,78781.07,78812.96,155.07195,115,105,115,105,40,55,0,0
"2026-09-08 05:00:00",78708.01,TP,2,0.23,0.9154,TAKE,,,,,-,TAKE,ml,78815.01,78870.87,78738.98,78781.98,136.68601,78781.98,78814,78678.7,78678.71,128.11881,78678.7,78819.97,78555,78708,318.01679,30,30,28,29,40,75,73,73
"2026-09-08 06:00:00",78589.99,TP,0,0.23,0.8474,SKIP,29.29,-0.1128,4,0.1789,SKIP,SKIP,-,78825.87,78825.88,78626,78626.01,177.79887,78626.01,78714,78568.7,78578,198.58597,78577.99,78630.99,78453.73,78589.99,517.79018,8,7,10,10,45,60,73,73
"2026-09-08 06:30:00",78426.37,TP,3,0.23,0.8338,SKIP,30.53,-0.5068,5,0.1202,TAKE,TAKE,rsi,78577.99,78630.99,78453.73,78589.99,517.79018,78589.99,78632,78366,78387.63,456.29777,78387.63,78448,78357.1,78426.37,416.91052,30,30,25,75,45,60,73,73
"2026-09-08 11:00:00",78313.89,TP,8,0.23,0.6786,SKIP,,,,,-,SKIP,-,78847.93,78871.24,78656.77,78670.1,114.26668,78670.1,78692,78568,78568,98.56035,78568.01,78576,78271.63,78313.89,280.31317,65,67,65,67,60,75,73,73
"2026-09-08 17:00:00",78709.93,TP,1,0.23,0.856,SKIP,62.8,-0.2459,5,0.7217,SKIP,SKIP,-,78633.98,78978.39,78624,78796,98.81419,78796.01,78878,78654,78735.89,85.16656,78735.88,78892,78668,78709.94,101.25546,55,60,20,35,35,55,73,73
"2026-09-08 17:45:00",78504.38,TP,2,0.23,0.7919,SKIP,,,,,-,SKIP,-,78709.93,78718,78550.21,78594.96,65.09688,78594.96,78668,78535.59,78535.6,99.53459,78535.59,78652,78500,78504.38,110.94758,115,105,30,30,35,55,73,73
"2026-09-10 09:00:00",78150.01,TP,0,0.23,0.8858,SKIP,68.54,0.0487,5,0.3303,SKIP,SKIP,-,78170.74,78170.74,78038,78100.53,86.99009,78100.54,78170.01,78096,78110,64.4966,78110,78210.01,78110,78150.01,80.40957,0,0,0,0,40,55,60,60
"2026-09-10 09:30:00",77962.63,TP,4,0.23,0.7837,SKIP,,,,,-,SKIP,-,78110,78210.01,78110,78150.01,80.40957,78150.01,78229.22,78139.35,78206.02,125.54957,78206.01,78206.01,77910.86,77962.63,260.5176,0,0,0,0,40,55,60,60
"2026-09-10 12:00:00",77823.75,TP,0,0.23,0.8617,SKIP,32.87,-0.0507,5,0.0373,SKIP,SKIP,-,78004.01,78050,77984,78006,88.34956,78006,78025.92,77830,77840.8,103.05685,77840.64,77888.45,77702.84,77823.75,350.97742,90,77,50,52,40,55,60,60
"2026-09-10 12:30:00",77130.26,TP,0,0.23,0.8151,SKIP,,,,,-,SKIP,-,77840.64,77888.45,77702.84,77823.75,350.97742,77823.75,77836.02,77650,77796.93,383.69877,77796.93,77959.2,77019.63,77130.25,1316.517,0,47,0,15,40,55,60,60
"2026-09-10 23:00:00",76516.23,SL,25,-0.9,0.7705,SKIP,,,,,-,SKIP,-,77070,77082.57,76830,76862.99,89.48748,76862.99,76970.84,76817.6,76836.45,65.92395,76836.45,76876.31,76501.44,76516.23,339.6936,45,47,65,67,40,75,60,60
"2026-09-19 21:00:00",81000,TP,20,0.23,0.6952,SKIP,,,,,-,SKIP,-,81249.04,81296.84,81244.44,81287.1,116.02093,81287.1,81287.1,81080.24,81155.33,145.95207,81155.33,81222.15,80994.94,81000,138.18198,110,92,115,105,35,80,0,0
"2026-09-22 07:30:00",85247.09,SL,2,-0.9,0.921,TAKE,,,,,-,TAKE,ml,85384.02,85500,85300,85443.16,177.49483,85443.16,85462.66,85214,85322.71,262.0995,85322.71,85333.9,85157.31,85247.1,276.45203,115,105,105,95,40,55,0,0
"2026-09-28 02:45:00",83418.91,TP,1,0.23,0.8525,SKIP,19.24,-0.4739,2,0.0256,TAKE,TAKE,rsi,83745.42,83756.12,83554.86,83627.27,134.82978,83627.27,83629.72,83420.81,83493.1,203.74535,83493.09,83541.23,83389.07,83418.24,159.31148,105,95,105,95,15,60,0,0
